{M0C8-Y2SS56XA-8347SZKO},01/04/2010 12:22:10,EDB0714,PC-6103,Connect
{Q5D1-K8VR68VV-9575EZII},01/04/2010 12:49:57,EDB0714,PC-6103,Disconnect
{V0M7-T7FH91EF-8580PIBC},01/04/2010 15:45:03,EDB0714,PC-6103,Connect
{B9V8-X4AT94PS-0307PMJY},01/04/2010 15:50:16,EDB0714,PC-6103,Disconnect
{R6H8-X6CR72PB-1520KQKM},01/05/2010 09:46:03,EDB0714,PC-6103,Connect
{W5Q8-F3IE38AW-6388MMCC},01/05/2010 10:43:27,EDB0714,PC-6103,Disconnect
{U3N0-Q8SP16LB-7009GMFX},01/05/2010 12:13:25,EDB0714,PC-6103,Connect
{Z0D6-V3BZ44FG-3792JYGH},01/05/2010 12:40:30,EDB0714,PC-6103,Disconnect
{Z9F6-A4IH37II-7029MYPA},01/06/2010 12:46:11,EDB0714,PC-6103,Connect
{V4R7-K9ZU14OV-2990SFYJ},01/06/2010 12:48:38,EDB0714,PC-6103,Disconnect
{L7O9-R2YS42GQ-1313CZDU},01/06/2010 13:59:02,EDB0714,PC-6103,Connect
{S5Q2-Y2ND27HX-3812PEZR},01/06/2010 14:25:14,EDB0714,PC-6103,Disconnect
{L7W1-V2SJ32CN-2346LNJA},01/06/2010 15:51:26,EDB0714,PC-6103,Connect
{C7S3-H1ZG37FL-3870WUYS},01/06/2010 16:22:23,EDB0714,PC-6103,Disconnect
{T4Y6-U3WV88EB-1313WJEI},01/07/2010 09:43:41,EDB0714,PC-6103,Connect
{D9A2-D6HJ41KR-5359RGIO},01/07/2010 09:46:10,EDB0714,PC-6103,Disconnect
{P0E0-G5XS14WF-1394MDUK},01/07/2010 10:15:26,EDB0714,PC-6103,Connect
{S3E8-E6CH55EA-2900GYLV},01/07/2010 10:29:49,EDB0714,PC-6103,Disconnect
{I0V2-T2RI59OK-1159UMLV},01/07/2010 11:31:05,EDB0714,PC-6103,Connect
{Z0M6-T5QQ65VP-1442FMTT},01/07/2010 11:41:47,EDB0714,PC-6103,Disconnect
{A3Z4-W4VW28WB-8960RTEG},01/07/2010 16:04:21,EDB0714,PC-6103,Connect
{K1H2-G2PW03ZQ-2652EAHU},01/07/2010 16:15:44,EDB0714,PC-6103,Disconnect
{Z6U2-X9PO85ND-5536VJKQ},01/08/2010 12:03:57,EDB0714,PC-6103,Connect
{G1T4-F8EN48AO-8490HVRH},01/08/2010 12:33:26,EDB0714,PC-6103,Disconnect
{F8L1-W4FF75EV-6114DURK},01/08/2010 12:59:36,EDB0714,PC-6103,Connect
{K5H5-F9GL92LR-2005FHLZ},01/08/2010 13:10:27,EDB0714,PC-6103,Disconnect
{R1X8-Z5PD53ZD-5396IXEY},01/11/2010 15:50:04,EDB0714,PC-6103,Connect
{W4B6-L4AK68HO-1904EFRU},01/11/2010 16:12:41,EDB0714,PC-6103,Disconnect
{E7O0-R4TA92MK-4631OCJJ},01/11/2010 16:21:23,EDB0714,PC-6103,Connect
{O5I3-N2BY94YT-9752UMTU},01/11/2010 16:23:54,EDB0714,PC-6103,Disconnect
{P2W9-A7XI25TU-9146FYHB},01/12/2010 09:07:12,EDB0714,PC-6103,Connect
{R3B2-P9SA95CA-2157DOCB},01/12/2010 09:12:47,EDB0714,PC-6103,Disconnect
{A6J2-L9LD81MC-5194XYUN},01/12/2010 10:24:01,EDB0714,PC-6103,Connect
{D1Y4-N5JO39FK-0970KRCX},01/12/2010 11:10:10,EDB0714,PC-6103,Disconnect
{P3E2-J3EI26AA-1411MRDV},01/12/2010 12:17:00,EDB0714,PC-6103,Connect
{A0U9-W6CQ76HX-6536NZLG},01/12/2010 13:33:14,EDB0714,PC-6103,Disconnect
{R6F7-N6BJ57AO-1196GMEA},01/12/2010 15:03:34,EDB0714,PC-6103,Connect
{L8C9-H7VN76QP-0439XYVF},01/12/2010 15:35:33,EDB0714,PC-6103,Disconnect
{T5R5-H9FK56JT-1786RXZS},01/13/2010 09:50:31,EDB0714,PC-6103,Connect
{B7B8-C7MS81VB-3358AUCU},01/13/2010 10:13:35,EDB0714,PC-6103,Disconnect
{V5H9-L4ZL81WW-9359PHSP},01/13/2010 14:17:03,EDB0714,PC-6103,Connect
{S0G4-O0GY45TH-5911WKMK},01/13/2010 14:33:17,EDB0714,PC-6103,Disconnect
{Y6Z0-U0VM32VD-6881EBLK},01/15/2010 15:15:36,EDB0714,PC-6103,Connect
{Y4Q5-O5YT49EJ-2410GELI},01/15/2010 15:36:10,EDB0714,PC-6103,Disconnect
{Z3K6-G9BV65WW-2960CIUB},01/19/2010 07:56:25,EDB0714,PC-6103,Connect
{B2A6-O0DC61DR-6214UVNM},01/19/2010 08:02:34,EDB0714,PC-6103,Disconnect
{T5T5-R2VB56FX-1571WUTX},01/19/2010 11:49:45,EDB0714,PC-6103,Connect
{F8J3-A6RO33WV-2500UPHH},01/19/2010 12:15:43,EDB0714,PC-6103,Disconnect
{O0C1-Q4GR98LT-0783UTSN},01/19/2010 15:30:45,EDB0714,PC-6103,Connect
{H9R9-C1FI68RN-5801QWES},01/19/2010 15:57:54,EDB0714,PC-6103,Disconnect
{C7E8-G6LN08GY-4344BWUI},01/20/2010 12:41:44,EDB0714,PC-6103,Connect
{V1Z9-F6AB37CE-3581QUMG},01/20/2010 13:41:01,EDB0714,PC-6103,Disconnect
{V0O8-U5SD81KS-0468JKDV},01/21/2010 08:25:14,EDB0714,PC-6103,Connect
{P4U2-M1AF55BP-3143IXMW},01/21/2010 09:48:27,EDB0714,PC-6103,Disconnect
{W2D8-S8FA10FR-2660WTBK},01/21/2010 11:57:26,EDB0714,PC-6103,Connect
{X8C4-E5LU86LB-0836QAHS},01/21/2010 16:01:45,EDB0714,PC-6103,Disconnect
{K0E9-M2MT31UN-6352KELL},01/22/2010 14:02:53,EDB0714,PC-6103,Connect
{V1J0-U1UG59IW-8006WQRI},01/22/2010 14:42:45,EDB0714,PC-6103,Disconnect
{M7Q4-U7PU99EC-5287BXYP},01/22/2010 15:21:57,EDB0714,PC-6103,Connect
{M2F7-L2SV28KQ-2114QFDH},01/22/2010 15:52:18,EDB0714,PC-6103,Disconnect
{Z0T4-Y5PU89NO-6083WHCR},01/25/2010 08:05:06,EDB0714,PC-6103,Connect
{H1R8-N9SZ10BM-1490YKXI},01/25/2010 08:46:34,EDB0714,PC-6103,Disconnect
{K9C5-C6TA57FP-1947VUBE},01/25/2010 15:32:42,EDB0714,PC-6103,Connect
{T9D1-L2VJ53VP-8169UMMJ},01/25/2010 16:22:23,EDB0714,PC-6103,Disconnect
{Q2P1-S3JM87XF-1650USAB},01/26/2010 09:50:12,EDB0714,PC-6103,Connect
{Y5X9-O6AJ85MT-7616MQYB},01/26/2010 10:28:46,EDB0714,PC-6103,Disconnect
{A2B4-U9QR86YS-6527ETHY},01/26/2010 11:09:29,EDB0714,PC-6103,Connect
{G9T9-I8FE15RQ-8164BQMB},01/26/2010 11:22:55,EDB0714,PC-6103,Disconnect
{O6H2-E0FP13QQ-7712NBEZ},01/26/2010 11:35:28,EDB0714,PC-6103,Connect
{D8K0-A5BX55ZE-2479HOWQ},01/26/2010 11:44:09,EDB0714,PC-6103,Disconnect
{W5L9-F6VJ03BA-0861ABTS},01/27/2010 11:32:05,EDB0714,PC-6103,Connect
{C2D5-J0QL74VU-0802TMLP},01/27/2010 11:32:28,EDB0714,PC-6103,Disconnect
{D7A7-C1KH56XI-8369USDA},01/28/2010 10:28:59,EDB0714,PC-6103,Connect
{T9V5-T0SQ37VU-2338ABNO},01/28/2010 10:35:01,EDB0714,PC-6103,Disconnect
{E5V4-Z4KW60RI-3592ZGJQ},01/28/2010 11:26:58,EDB0714,PC-6103,Connect
{G6M1-Z1XZ40BK-9427YAFA},01/28/2010 12:02:59,EDB0714,PC-6103,Disconnect
{R3T9-R4GV50VO-3235BROO},01/29/2010 11:41:15,EDB0714,PC-6103,Connect
{S1T3-D8NJ47MZ-0099OYHA},01/29/2010 11:55:35,EDB0714,PC-6103,Disconnect
{L7N5-L3WT24OL-5971CWDY},01/29/2010 12:54:09,EDB0714,PC-6103,Connect
{Q7E7-B7NL19KB-4875GFLF},01/29/2010 15:14:15,EDB0714,PC-6103,Disconnect
{U5C9-Z9DK45HZ-3224XWTD},02/01/2010 10:50:14,EDB0714,PC-6103,Connect
{Q7J0-L6WA90XI-9560HLCN},02/01/2010 11:11:41,EDB0714,PC-6103,Disconnect
{S2T9-Y5ZC89UR-2430MFTO},02/01/2010 14:04:22,EDB0714,PC-6103,Connect
{W1G1-G9GT38KU-9917ZXON},02/01/2010 14:52:56,EDB0714,PC-6103,Disconnect
{X5U1-E1SX78JQ-8112EOFA},02/02/2010 10:14:16,EDB0714,PC-6103,Connect
{T8A9-O3AV08JJ-1119IPWP},02/02/2010 10:28:10,EDB0714,PC-6103,Disconnect
{Q1C2-L5PU38NA-8257YDSW},02/02/2010 12:46:58,EDB0714,PC-6103,Connect
{J7C6-N6IM63KT-7278BDZP},02/02/2010 13:35:09,EDB0714,PC-6103,Disconnect
{F4G6-L2QT79LE-5397ILGF},02/03/2010 08:44:30,EDB0714,PC-6103,Connect
{B2H0-T2NS71WL-6609YGSC},02/03/2010 09:18:09,EDB0714,PC-6103,Disconnect
{E7H6-Y5QV37NP-9085ARFF},02/03/2010 10:49:03,EDB0714,PC-6103,Connect
{O3X1-A9CD07FN-8511FVWF},02/03/2010 11:07:20,EDB0714,PC-6103,Disconnect
{X3I2-D7PT96TF-1689BUZN},02/04/2010 09:40:20,EDB0714,PC-6103,Connect
{P9G6-E1EW88BV-0915CKUS},02/04/2010 09:53:20,EDB0714,PC-6103,Disconnect
{L3Q0-F4UL96CD-4679JFQJ},02/04/2010 11:19:33,EDB0714,PC-6103,Connect
{Z6P4-O6LY46IW-1394GBJM},02/04/2010 13:37:03,EDB0714,PC-6103,Disconnect
{V9U7-Z0PU64GP-1816EGHK},02/05/2010 08:34:40,EDB0714,PC-6103,Connect
{Z8U4-G9CR57KY-2164RJTE},02/05/2010 09:07:03,EDB0714,PC-6103,Disconnect
{R4N8-Q7DQ01NZ-3285CZKT},02/05/2010 12:09:51,EDB0714,PC-6103,Connect
{Q3P6-D2FS86UY-5164HJFG},02/05/2010 13:29:29,EDB0714,PC-6103,Disconnect
{Y9G1-T8FO13YX-0093BBHJ},02/08/2010 16:31:05,EDB0714,PC-6103,Connect
{T5N8-X2NC65AF-0527TKWK},02/08/2010 16:48:54,EDB0714,PC-6103,Disconnect
{W0X2-I5LP13CQ-5670ZMLJ},02/09/2010 11:18:59,EDB0714,PC-6103,Connect
{X4I8-E5BV17OD-5150ICNQ},02/09/2010 11:27:04,EDB0714,PC-6103,Disconnect
{B3O1-S2SP71XK-9258ZJVQ},02/09/2010 14:50:05,EDB0714,PC-6103,Connect
{H1K2-K2SH12EW-1926PWOZ},02/09/2010 15:12:39,EDB0714,PC-6103,Disconnect
{E4T7-X0AO74BM-3575WFIJ},02/10/2010 10:14:53,EDB0714,PC-6103,Connect
{Z7S1-B1ZG62ZD-0864MJNL},02/10/2010 10:58:48,EDB0714,PC-6103,Disconnect
{O7B7-X8SI85FM-5308NOHA},02/11/2010 08:58:46,EDB0714,PC-6103,Connect
{K3C0-J1MS18TI-4804OOJN},02/11/2010 09:36:23,EDB0714,PC-6103,Disconnect
{T7E3-O8SO17RU-1041IEOU},02/11/2010 15:45:55,EDB0714,PC-6103,Connect
{N6T7-O0CB73UF-6995JJWO},02/11/2010 15:54:18,EDB0714,PC-6103,Disconnect
{W8M5-H5AY77QQ-1097GXSH},02/12/2010 07:48:47,EDB0714,PC-6103,Connect
{U3P7-V1AI27BB-3336BJIJ},02/12/2010 08:05:06,EDB0714,PC-6103,Disconnect
{Z8P2-M3JO18PY-3786NMZR},02/12/2010 09:09:11,EDB0714,PC-6103,Connect
{M8G2-J4JQ61YX-8205YROW},02/12/2010 09:09:38,EDB0714,PC-6103,Disconnect
{S2I6-T2VW10LQ-2216GBJH},02/12/2010 11:25:59,EDB0714,PC-6103,Connect
{B4Z8-P1JY79FQ-0522TSLR},02/12/2010 11:32:45,EDB0714,PC-6103,Disconnect
{L0U1-P6LG29NZ-2039TBYO},02/16/2010 09:34:53,EDB0714,PC-6103,Connect
{O5Q5-G3VO71OF-7815ZTSL},02/16/2010 10:00:55,EDB0714,PC-6103,Disconnect
{B5L4-N8QT44UF-5697SYBU},02/16/2010 14:29:11,EDB0714,PC-6103,Connect
{A9V9-T1TP62QL-8407OIOC},02/16/2010 15:11:26,EDB0714,PC-6103,Disconnect
{Y2E1-M3LY64YQ-7191HOCC},02/17/2010 08:19:21,EDB0714,PC-6103,Connect
{R8O3-R4NL64PS-6282YWRC},02/17/2010 08:39:00,EDB0714,PC-6103,Disconnect
{I7W9-Y2WO03ZV-4476RNWY},02/17/2010 09:26:14,EDB0714,PC-6103,Connect
{P3C3-A6OO58GY-4033CKRA},02/17/2010 10:32:59,EDB0714,PC-6103,Disconnect
{V9K0-G6VW89UB-8947EQOW},02/17/2010 11:18:17,EDB0714,PC-6103,Connect
{E8I5-D4RD32MQ-0246CIAV},02/17/2010 11:34:56,EDB0714,PC-6103,Disconnect
{I3H6-W4MM90MU-4949NYCR},02/17/2010 15:34:40,EDB0714,PC-6103,Connect
{D5X8-X1KI82DT-5500ZPCA},02/17/2010 15:34:53,EDB0714,PC-6103,Disconnect
{I6B1-R0MG84GZ-1854UAPE},02/18/2010 12:18:56,EDB0714,PC-6103,Connect
{A8E4-S3SB16KR-0658TCIR},02/18/2010 12:56:21,EDB0714,PC-6103,Disconnect
{Q8U3-K8KE67YI-2382MSQR},02/18/2010 16:44:36,EDB0714,PC-6103,Connect
{M0O9-T6JQ16DL-3176QGSY},02/18/2010 16:58:01,EDB0714,PC-6103,Disconnect
{O8M8-X6PO51AP-0445MWHE},02/19/2010 08:19:28,EDB0714,PC-6103,Connect
{Q4T0-Y4KN54BB-1129AHWR},02/19/2010 09:35:44,EDB0714,PC-6103,Disconnect
{M4S2-R6RE29LO-3255EDNC},02/22/2010 13:45:57,EDB0714,PC-6103,Connect
{U8Y7-T4NE05FR-0819RJPH},02/22/2010 13:56:16,EDB0714,PC-6103,Disconnect
{H8O5-D8UH51YE-6271SDDC},02/23/2010 08:22:27,EDB0714,PC-6103,Connect
{L0A8-J9AY27GH-7155FPCR},02/23/2010 09:15:39,EDB0714,PC-6103,Disconnect
{L5T9-B3FP17GZ-1058YGSZ},02/23/2010 09:36:16,EDB0714,PC-6103,Connect
{B3U5-R2SC44TH-1222TYWJ},02/23/2010 09:56:16,EDB0714,PC-6103,Disconnect
{C5H2-V3TM40IL-4791ZEPH},02/23/2010 15:51:44,EDB0714,PC-6103,Connect
{Q3G6-Y2BK79HP-4935BWMW},02/23/2010 16:19:04,EDB0714,PC-6103,Disconnect
{J4Q6-U8QW70IZ-2845TRAH},02/23/2010 16:24:14,EDB0714,PC-6103,Connect
{G5M1-V2RS10ZB-8329VAVF},02/23/2010 16:34:48,EDB0714,PC-6103,Disconnect
{L7S5-Z4KJ73KZ-8888UPWQ},02/24/2010 09:36:32,EDB0714,PC-6103,Connect
{L4N8-N4OD07QD-8485IGUZ},02/24/2010 09:40:49,EDB0714,PC-6103,Disconnect
{A6Q7-N7TA57ER-8385HLDX},02/24/2010 12:02:44,EDB0714,PC-6103,Connect
{U3L6-U6DF02KD-7399FAJA},02/24/2010 13:14:00,EDB0714,PC-6103,Disconnect
{X0X6-Q3JH04JS-9837RBUL},02/24/2010 14:46:58,EDB0714,PC-6103,Connect
{B7B1-B2FG09JX-6881WNQA},02/24/2010 15:03:20,EDB0714,PC-6103,Disconnect
{F1P0-R6RK75KR-0505XHUZ},02/25/2010 09:34:22,EDB0714,PC-6103,Connect
{V5H7-I1TH04AD-7555JXGO},02/25/2010 09:50:31,EDB0714,PC-6103,Disconnect
{W8W4-Z9JM52OK-7559KDKV},02/25/2010 10:49:43,EDB0714,PC-6103,Connect
{F7U7-J5BP87UG-2488ETTV},02/25/2010 11:38:03,EDB0714,PC-6103,Disconnect
{Q1F0-L3SU54BF-8222TANZ},02/26/2010 08:58:58,EDB0714,PC-6103,Connect
{J0W6-I4MK31VX-8096YVSW},02/26/2010 09:19:19,EDB0714,PC-6103,Disconnect
{Y4S7-W2SQ40BT-1048THYS},02/26/2010 10:04:17,EDB0714,PC-6103,Connect
{N5S6-J6FN88ML-0308KKTW},02/26/2010 10:57:18,EDB0714,PC-6103,Disconnect
{S3T4-J2VD54CB-1477HZCS},02/26/2010 15:42:42,EDB0714,PC-6103,Connect
{C1L4-B6KD65UH-3875UDXX},02/26/2010 15:53:09,EDB0714,PC-6103,Disconnect
{L6G8-M7MB67JS-5547ULCR},03/01/2010 08:01:51,EDB0714,PC-6103,Connect
{B6Y2-X3RZ60ZB-3966SGUS},03/01/2010 08:11:00,EDB0714,PC-6103,Disconnect
{S0G6-X0ZE96TL-6573OEWC},03/01/2010 09:40:08,EDB0714,PC-6103,Connect
{Y5T3-O0CB95TL-1918PRVX},03/01/2010 10:32:58,EDB0714,PC-6103,Disconnect
{V6V2-Z5ZY97YE-0245EZGO},03/02/2010 08:40:22,EDB0714,PC-6103,Connect
{C3E2-Q5GJ69BU-0467UKFL},03/02/2010 09:17:47,EDB0714,PC-6103,Disconnect
{S3I8-C1BI96HH-6319DNFP},03/02/2010 10:47:34,EDB0714,PC-6103,Connect
{C6Z6-K0WB81JX-2365BULT},03/02/2010 10:51:04,EDB0714,PC-6103,Disconnect
{E6L2-I3TA32JK-8814QBNN},03/02/2010 15:58:39,EDB0714,PC-6103,Connect
{V6H5-H7JO91PQ-8383JZNM},03/02/2010 16:19:43,EDB0714,PC-6103,Disconnect
{E3G2-D5YR87MK-0447PMIO},03/03/2010 12:54:01,EDB0714,PC-6103,Connect
{Z7Z4-O4CL88IP-5589BAVZ},03/03/2010 14:09:42,EDB0714,PC-6103,Disconnect
{G0I6-T4OJ57WU-4931CBVN},03/04/2010 09:42:46,EDB0714,PC-6103,Connect
{O5H7-H8TF22VC-2225EWAI},03/04/2010 09:50:13,EDB0714,PC-6103,Disconnect
{F5I7-W0QI30VZ-5048TKPL},03/04/2010 12:42:39,EDB0714,PC-6103,Connect
{C6I2-J9RS83WZ-6856LTHU},03/04/2010 13:09:29,EDB0714,PC-6103,Disconnect
{L8W8-N5UC84RZ-1861SGXB},03/08/2010 08:28:32,EDB0714,PC-6103,Connect
{J3W8-F4SP09TF-6880GMEY},03/08/2010 09:15:04,EDB0714,PC-6103,Disconnect
{U6P5-C5GK50QR-5142RWTG},03/08/2010 11:02:07,EDB0714,PC-6103,Connect
{I7D5-C7SS02WZ-2073OUZP},03/08/2010 12:01:06,EDB0714,PC-6103,Disconnect
{L5V3-V5WE11YX-9992WRDF},03/08/2010 12:19:32,EDB0714,PC-6103,Connect
{W4I2-U9BT52ZR-8613FWAV},03/08/2010 12:44:52,EDB0714,PC-6103,Disconnect
{H2C0-M8HE14DR-2879RTRR},03/09/2010 08:44:34,EDB0714,PC-6103,Connect
{Y0P9-C1AO17FK-5737BXMO},03/09/2010 08:47:02,EDB0714,PC-6103,Disconnect
{Y0A3-R5AW71KB-5952HCUL},03/10/2010 08:28:21,EDB0714,PC-6103,Connect
{B4Z8-F5JP20GD-8644QFQP},03/10/2010 09:12:23,EDB0714,PC-6103,Disconnect
{P4X7-S5KB20VX-4053ZJTT},03/11/2010 09:56:55,EDB0714,PC-6103,Connect
{H0X4-Q5CS43KJ-1714ATDK},03/11/2010 10:09:49,EDB0714,PC-6103,Disconnect
{I9L6-F1EP33VA-4346WABD},03/11/2010 15:09:18,EDB0714,PC-6103,Connect
{H5H1-J7SH27AL-3363RFLM},03/11/2010 15:34:21,EDB0714,PC-6103,Disconnect
{Q9H5-Y1FR20RN-7770KECV},03/11/2010 15:46:18,EDB0714,PC-6103,Connect
{Q1M7-Z5WG15LC-9290VTDM},03/11/2010 16:01:53,EDB0714,PC-6103,Disconnect
{G5D0-U6RA78ZQ-3302GFHZ},03/12/2010 07:58:53,EDB0714,PC-6103,Connect
{V1O0-C7RU80YY-9875RELA},03/12/2010 08:09:18,EDB0714,PC-6103,Disconnect
{P6A4-J1TZ46PL-5194AEVR},03/12/2010 08:43:51,EDB0714,PC-6103,Connect
{U4E3-I7MX32WH-9857VVOS},03/12/2010 08:58:47,EDB0714,PC-6103,Disconnect
{X9W0-A3KR85VR-0609CFRP},03/12/2010 11:28:55,EDB0714,PC-6103,Connect
{P2H8-O9PT68IA-7334SBYN},03/12/2010 11:46:02,EDB0714,PC-6103,Disconnect
{X9M4-I7LX95QZ-4336OVSD},03/12/2010 13:18:23,EDB0714,PC-6103,Connect
{L3S8-X4TL92XO-9502JVIW},03/12/2010 13:18:48,EDB0714,PC-6103,Disconnect
{C1M2-H9JC02BB-1559FVOD},03/15/2010 08:09:27,EDB0714,PC-6103,Connect
{S2L2-I2CD45WH-0554WZDG},03/15/2010 08:34:08,EDB0714,PC-6103,Disconnect
{Q6W5-A5JK25DF-4120AFCM},03/16/2010 10:55:33,EDB0714,PC-6103,Connect
{T0E1-W3PM40SK-8076GPZQ},03/16/2010 11:31:47,EDB0714,PC-6103,Disconnect
{B0V7-O1GF13TO-4768MSKH},03/18/2010 08:56:26,EDB0714,PC-6103,Connect
{F0H4-T5BH22ZI-3317SWLL},03/18/2010 09:17:25,EDB0714,PC-6103,Disconnect
{Z0A3-E2JC80JW-0272KNNC},03/18/2010 12:28:36,EDB0714,PC-6103,Connect
{U7A3-H5PT64RP-9524SRSL},03/18/2010 12:49:52,EDB0714,PC-6103,Disconnect
{S1Y4-B7JH23UB-5500HNZX},03/18/2010 15:19:16,EDB0714,PC-6103,Connect
{G3U9-A7YO81CT-4187WYMG},03/18/2010 15:40:10,EDB0714,PC-6103,Disconnect
{B3I5-M6QZ52FC-9012UGVG},03/19/2010 11:01:10,EDB0714,PC-6103,Connect
{M8M3-I8YG96PL-9228PELE},03/19/2010 11:11:57,EDB0714,PC-6103,Disconnect
{V2G8-N8YU77AO-8860ZRIX},03/19/2010 13:14:53,EDB0714,PC-6103,Connect
{O0O8-D7ET96UN-0158DDCT},03/19/2010 14:34:29,EDB0714,PC-6103,Disconnect
{L2Q6-R3PY91ME-7329TPMC},03/22/2010 11:01:40,EDB0714,PC-6103,Connect
{L8H3-S0QD72YS-7946BHJO},03/22/2010 11:08:14,EDB0714,PC-6103,Disconnect
{G9Y1-G9NA50BO-6728KVLO},03/23/2010 11:30:07,EDB0714,PC-6103,Connect
{F9U5-D3YH41HV-3367FJYD},03/23/2010 11:58:22,EDB0714,PC-6103,Disconnect
{X3X0-F5BV95IL-8777QLVJ},03/23/2010 12:12:49,EDB0714,PC-6103,Connect
{Y5Z4-E8TQ56KT-3141SARF},03/23/2010 12:27:50,EDB0714,PC-6103,Disconnect
{U3S9-M2FQ25AO-6116HVKB},03/23/2010 13:23:02,EDB0714,PC-6103,Connect
{J3I1-V2NW91EL-2762YSIX},03/23/2010 13:58:01,EDB0714,PC-6103,Disconnect
{S7I0-D5CW84PN-0459LXYP},03/24/2010 09:38:53,EDB0714,PC-6103,Connect
{Y9K9-U6VH62DX-6103PWZI},03/24/2010 09:52:03,EDB0714,PC-6103,Disconnect
{K2T1-S0EG03XL-0577YRTG},03/24/2010 11:13:29,EDB0714,PC-6103,Connect
{P2S2-N3TT23CX-0482XZEL},03/24/2010 11:18:48,EDB0714,PC-6103,Disconnect
{N6Q6-H5QZ66WP-9096RXGK},03/25/2010 14:52:09,EDB0714,PC-6103,Connect
{K9H8-S8VX75LE-1948ZZAJ},03/25/2010 15:08:39,EDB0714,PC-6103,Disconnect
{Z5S3-N0PE58FZ-5828TKYX},03/25/2010 15:35:34,EDB0714,PC-6103,Connect
{T5Q4-V1AI38MB-3011KWHY},03/25/2010 16:09:06,EDB0714,PC-6103,Disconnect
{D6X6-J8DA52BH-1060KLTF},03/26/2010 08:35:51,EDB0714,PC-6103,Connect
{U0G2-V2OS80JB-9135HOWV},03/26/2010 09:04:00,EDB0714,PC-6103,Disconnect
{C4Y5-O9UT61GR-7362BLMY},03/26/2010 10:58:49,EDB0714,PC-6103,Connect
{P7O9-H1SV64LL-1214PBBP},03/26/2010 11:14:59,EDB0714,PC-6103,Disconnect
{D2C8-T2VV40FO-4798LGKL},03/26/2010 12:40:44,EDB0714,PC-6103,Connect
{C9N2-J8UW17KV-6089MQRZ},03/26/2010 12:46:34,EDB0714,PC-6103,Disconnect
{K1O6-U2DL26WT-8851VPNV},03/29/2010 07:44:11,EDB0714,PC-6103,Connect
{P8A1-L6JT27WU-7372RHRW},03/29/2010 07:46:00,EDB0714,PC-6103,Disconnect
{K0H9-R6FN99QQ-3666XFSB},03/29/2010 15:14:27,EDB0714,PC-6103,Connect
{R3R8-H8ZL59ZD-6416OTKN},03/29/2010 16:24:34,EDB0714,PC-6103,Disconnect
{S3R9-A0NO59PJ-3506WFCT},03/30/2010 10:58:55,EDB0714,PC-6103,Connect
{U0G3-P0WC56ST-3425SPNE},03/30/2010 12:24:27,EDB0714,PC-6103,Disconnect
{B1W4-T6MA83MW-9817JOMJ},03/31/2010 15:32:52,EDB0714,PC-6103,Connect
{G8F3-I0LM16MR-1653FIDJ},03/31/2010 15:33:04,EDB0714,PC-6103,Disconnect
{F1T5-X0NJ14SK-8052KQPK},04/01/2010 08:31:12,EDB0714,PC-6103,Connect
{U0M1-A0BV15DV-3975QUVZ},04/01/2010 08:39:11,EDB0714,PC-6103,Disconnect
{R4I9-Z7TI50YG-3295TUJV},04/01/2010 12:45:54,EDB0714,PC-6103,Connect
{W5H2-N0XY69YV-7567FKSG},04/01/2010 13:00:40,EDB0714,PC-6103,Disconnect
{M8A6-B0JT05OB-7179HJUO},04/01/2010 14:24:57,EDB0714,PC-6103,Connect
{T2X6-H8GU17OA-9703QETF},04/01/2010 14:25:27,EDB0714,PC-6103,Disconnect
{L6P4-O9KV51JP-9475UZEE},04/05/2010 10:13:37,EDB0714,PC-6103,Connect
{M9O9-I8LZ57KU-0554FVYM},04/05/2010 10:29:47,EDB0714,PC-6103,Disconnect
{N7V9-G2XB93PD-5450LOEM},04/05/2010 10:42:31,EDB0714,PC-6103,Connect
{C4O3-V0NK86YK-7844NQWI},04/05/2010 10:57:02,EDB0714,PC-6103,Disconnect
{P3O3-R5SE57CG-6242MXTX},04/05/2010 11:30:28,EDB0714,PC-6103,Connect
{D7P5-A4FU43PI-6272HLHX},04/05/2010 11:36:45,EDB0714,PC-6103,Disconnect
{Q2E0-Y6XD12NN-9546ZJAM},04/05/2010 13:34:30,EDB0714,PC-6103,Connect
{B0M3-A7WR07RU-2665LZVU},04/05/2010 13:57:23,EDB0714,PC-6103,Disconnect
{X7A3-O5KP33FX-5153UZRH},04/06/2010 12:32:20,EDB0714,PC-6103,Connect
{J8H1-B0ZD46XK-9508LCOZ},04/06/2010 13:19:26,EDB0714,PC-6103,Disconnect
{W5N7-Z0OO23ZU-4686GEDI},04/06/2010 14:41:15,EDB0714,PC-6103,Connect
{N5F9-J8XW64PY-6677DOCA},04/06/2010 15:28:58,EDB0714,PC-6103,Disconnect
{T4Z8-H4CW36NH-5589WGNZ},04/07/2010 15:48:50,EDB0714,PC-6103,Connect
{O6I5-L7WG28QZ-0391VPMT},04/07/2010 15:57:28,EDB0714,PC-6103,Disconnect
{G4N8-J6CA87QW-1141AKPE},04/07/2010 15:59:08,EDB0714,PC-6103,Connect
{I5B6-Y9TY85OC-6127BULI},04/07/2010 16:14:23,EDB0714,PC-6103,Disconnect
{A1A8-F5LD62UW-3669AWSJ},04/08/2010 08:20:50,EDB0714,PC-6103,Connect
{X9I5-D6BI23OP-2680SPMI},04/08/2010 08:50:56,EDB0714,PC-6103,Disconnect
{X2Q3-Q9VA26DY-8210PHPR},04/08/2010 13:30:21,EDB0714,PC-6103,Connect
{D1M7-B8NY83UN-2958SGBG},04/08/2010 13:57:55,EDB0714,PC-6103,Disconnect
{L5B6-H8FA31WR-4732CFFA},04/08/2010 15:05:58,EDB0714,PC-6103,Connect
{S1B8-I8GS38OB-3288TWTI},04/08/2010 15:20:57,EDB0714,PC-6103,Disconnect
{B6C0-I1OB10VH-2291FGZX},04/09/2010 09:06:52,EDB0714,PC-6103,Connect
{R9Q2-I4TG07TE-7577HARM},04/09/2010 09:36:30,EDB0714,PC-6103,Disconnect
{D4S8-R7UW42UO-9439GPTM},04/09/2010 13:29:27,EDB0714,PC-6103,Connect
{L6O8-U9OM93KC-4010ZQJQ},04/09/2010 14:29:39,EDB0714,PC-6103,Disconnect
{O8S2-N4UR12YY-4738ARET},04/09/2010 15:30:24,EDB0714,PC-6103,Connect
{Y2K6-M4GF18XZ-8477VOAG},04/09/2010 16:19:05,EDB0714,PC-6103,Disconnect
{D7G6-U5OZ80CO-6580IRSU},04/12/2010 09:01:37,EDB0714,PC-6103,Connect
{F9S1-R3KS33IN-8368WEPC},04/12/2010 10:05:15,EDB0714,PC-6103,Disconnect
{F8P2-E3EV98BV-8782OQQT},04/12/2010 14:56:32,EDB0714,PC-6103,Connect
{A5M6-Z4KP20JX-9597LBYA},04/12/2010 14:59:05,EDB0714,PC-6103,Disconnect
{P3B7-W4VU83VW-5782YJEF},04/12/2010 16:08:51,EDB0714,PC-6103,Connect
{Z4L9-C7PK06UR-1835OXJN},04/12/2010 16:36:35,EDB0714,PC-6103,Disconnect
{B3P6-I6UO80WV-5110SWKX},04/13/2010 10:23:02,EDB0714,PC-6103,Connect
{S7V2-I7MI00SU-1442JURO},04/13/2010 10:31:10,EDB0714,PC-6103,Disconnect
{V3A2-Y5NE33YW-1191UYPF},04/13/2010 13:30:23,EDB0714,PC-6103,Connect
{Y9X6-Q1YP46OQ-2988YKLG},04/13/2010 14:05:44,EDB0714,PC-6103,Disconnect
{S9F1-O7HL18BV-3606CZDE},04/14/2010 08:36:29,EDB0714,PC-6103,Connect
{W6X2-I7BM91OH-8446HBXB},04/14/2010 08:46:47,EDB0714,PC-6103,Disconnect
{C4V9-C3QB70SL-1126TTMI},04/14/2010 14:02:12,EDB0714,PC-6103,Connect
{J6W2-X4UB99UY-2755YECL},04/14/2010 14:06:27,EDB0714,PC-6103,Disconnect
{Q9T4-Q2BL04YN-0380KNUG},04/14/2010 15:11:19,EDB0714,PC-6103,Connect
{S4S2-A0AS65QK-5616QUCJ},04/14/2010 15:22:22,EDB0714,PC-6103,Disconnect
{T5P6-H8GU61WF-3269BBES},04/15/2010 12:39:38,EDB0714,PC-6103,Connect
{S8N6-U5MF13ZS-6805RMAX},04/15/2010 13:05:47,EDB0714,PC-6103,Disconnect
{G6O4-P1NG07WQ-2489KXBT},04/15/2010 13:51:05,EDB0714,PC-6103,Connect
{C1O9-N3WA70PX-5264KZXJ},04/15/2010 13:55:29,EDB0714,PC-6103,Disconnect
{T8C1-A6VF97MD-9731UAPP},04/15/2010 16:17:11,EDB0714,PC-6103,Connect
{C2B2-G6PY37SV-2791VYDX},04/15/2010 16:31:52,EDB0714,PC-6103,Disconnect
{K0X6-T5JS02TB-1541AWEM},04/16/2010 08:58:28,EDB0714,PC-6103,Connect
{I1Q9-Z0IV62UM-1284BFAV},04/16/2010 09:05:50,EDB0714,PC-6103,Disconnect
{R3Z2-K6OB72JF-5117ISVM},04/16/2010 09:39:35,EDB0714,PC-6103,Connect
{S0D4-F9ZN98KV-0517EYZY},04/16/2010 09:45:14,EDB0714,PC-6103,Disconnect
{A4K9-G5CJ39LE-2198NHPI},04/16/2010 12:51:05,EDB0714,PC-6103,Connect
{I1W3-T4SI32OU-6312RFRR},04/16/2010 13:09:06,EDB0714,PC-6103,Disconnect
{F0T4-X3IV83RA-0086HGVM},04/19/2010 08:08:58,EDB0714,PC-6103,Connect
{P8F1-R8DY69ZV-0751MYRS},04/19/2010 08:18:08,EDB0714,PC-6103,Disconnect
{L4B3-J1UN35YF-2407RJXT},04/19/2010 10:38:58,EDB0714,PC-6103,Connect
{W0Y8-J6VK25FG-3167YEEX},04/19/2010 10:48:17,EDB0714,PC-6103,Disconnect
{W3Y6-H1DP95AL-9120HFTY},04/19/2010 15:56:36,EDB0714,PC-6103,Connect
{A6V0-A1NP31VA-2080FOQA},04/19/2010 16:10:43,EDB0714,PC-6103,Disconnect
{F8J1-Y0VA22CQ-9077MRSV},04/20/2010 09:51:43,EDB0714,PC-6103,Connect
{D3T8-R8EQ64RZ-7818GNPM},04/20/2010 09:52:07,EDB0714,PC-6103,Disconnect
{K7I0-Q7BS09VX-6138RIGZ},04/20/2010 09:52:44,EDB0714,PC-6103,Connect
{G0J0-R4WG30AO-1092OIDX},04/20/2010 09:53:01,EDB0714,PC-6103,Disconnect
{P4D2-L8OK21ZB-1967AJDY},04/21/2010 09:00:20,EDB0714,PC-6103,Connect
{Z4A2-E1KA42NV-4303SQGD},04/21/2010 09:51:50,EDB0714,PC-6103,Disconnect
{C4J3-X3LS88QL-0074TGFP},04/21/2010 11:55:49,EDB0714,PC-6103,Connect
{F0A3-K7EI93RZ-4304EEGL},04/21/2010 12:01:56,EDB0714,PC-6103,Disconnect
{Y2I1-R3PK02YE-2738AFDI},04/21/2010 14:49:22,EDB0714,PC-6103,Connect
{U5U1-Y9IX16DF-5403CFUG},04/21/2010 15:53:27,EDB0714,PC-6103,Disconnect
{V8H3-X1CA61LC-6306NLBY},04/22/2010 10:19:21,EDB0714,PC-6103,Connect
{I8O9-Q1CK85AR-0685EAMU},04/22/2010 10:27:08,EDB0714,PC-6103,Disconnect
{V7Q1-S8HH34SJ-4486EFFJ},04/22/2010 14:30:54,EDB0714,PC-6103,Connect
{B1Z9-S1YY31DR-5369XABK},04/22/2010 14:42:25,EDB0714,PC-6103,Disconnect
{T1C4-J7NA84BJ-3802HBKU},04/23/2010 08:52:45,EDB0714,PC-6103,Connect
{K3B0-D2BY80QI-2214FVUE},04/23/2010 11:37:04,EDB0714,PC-6103,Disconnect
{M1J6-A9TH66HR-2727IPMG},04/23/2010 11:48:49,EDB0714,PC-6103,Connect
{O5L3-N2ER80IM-2567MDCL},04/23/2010 12:06:47,EDB0714,PC-6103,Disconnect
{N0H7-G4SR49DE-6410BDZI},04/23/2010 12:35:08,EDB0714,PC-6103,Connect
{A1H2-V5NJ75NO-1311TAFL},04/23/2010 13:04:00,EDB0714,PC-6103,Disconnect
{P0M2-O2FY46PY-4616COAY},04/26/2010 08:21:20,EDB0714,PC-6103,Connect
{Q3E7-Z5SO53MZ-7676PNDL},04/26/2010 08:39:16,EDB0714,PC-6103,Disconnect
{B6A8-R3ME42OV-4838OJHS},04/26/2010 13:09:38,EDB0714,PC-6103,Connect
{Q7H0-A8II47QJ-3696EDYK},04/26/2010 13:29:41,EDB0714,PC-6103,Disconnect
{M5V5-L1UQ24WB-8225KONL},04/27/2010 09:28:12,EDB0714,PC-6103,Connect
{W0S3-N5RG09JL-5152MSER},04/27/2010 10:00:24,EDB0714,PC-6103,Disconnect
{T4I6-F9OC24LN-2286GAOP},04/27/2010 11:12:47,EDB0714,PC-6103,Connect
{A7X0-T9MN11JT-8505EKRH},04/27/2010 11:50:37,EDB0714,PC-6103,Disconnect
{X1Z7-Z7OZ47QR-5164NXCI},04/28/2010 10:22:07,EDB0714,PC-6103,Connect
{E2S1-T7FG28SV-0884GYRZ},04/28/2010 11:17:01,EDB0714,PC-6103,Disconnect
{A3I2-Q8EF01UE-4488GBRP},04/28/2010 12:16:34,EDB0714,PC-6103,Connect
{E4X0-T5JA83YG-8928XCJY},04/28/2010 12:38:04,EDB0714,PC-6103,Disconnect
{Y4X1-X1LN96RN-2919MGPQ},04/28/2010 15:07:13,EDB0714,PC-6103,Connect
{O9N6-P0HM75IB-5928VGXV},04/28/2010 16:09:17,EDB0714,PC-6103,Disconnect
{Y5K3-Z4ES17ZK-5065QDMK},04/29/2010 08:36:32,EDB0714,PC-6103,Connect
{U7R2-W0RL74XV-4158UHHA},04/29/2010 08:45:24,EDB0714,PC-6103,Disconnect
{D9C4-U7YE65VD-1006GXXD},04/29/2010 09:00:18,EDB0714,PC-6103,Connect
{U2N0-W7GN23RK-0381RVRU},04/29/2010 09:01:42,EDB0714,PC-6103,Disconnect
{P0B8-L5DG96XH-5320BIIB},04/30/2010 08:32:30,EDB0714,PC-6103,Connect
{C6O1-H8HF12YP-0975FFGU},04/30/2010 09:43:28,EDB0714,PC-6103,Disconnect
{O6W4-B0VK28GF-7048ZKTN},04/30/2010 11:39:02,EDB0714,PC-6103,Connect
{H2G7-A8HD55LN-8860RQDD},04/30/2010 12:20:33,EDB0714,PC-6103,Disconnect
{S5N3-X8NT06VY-3360NYNW},05/03/2010 09:21:38,EDB0714,PC-6103,Connect
{F2L4-G1KG82WZ-8516DEHN},05/03/2010 09:50:38,EDB0714,PC-6103,Disconnect
{C2Z4-U3EI73YZ-1702HRJR},05/03/2010 15:45:42,EDB0714,PC-6103,Connect
{C7D8-M5LO07EZ-3941NVJZ},05/03/2010 16:30:44,EDB0714,PC-6103,Disconnect
{D8U5-C7SO05WE-8514HIVP},05/04/2010 09:50:12,EDB0714,PC-6103,Connect
{O8Q0-J5DA19LW-0174LKPQ},05/04/2010 10:17:48,EDB0714,PC-6103,Disconnect
{S0T6-B8BR72DO-0665DUOA},05/04/2010 14:25:20,EDB0714,PC-6103,Connect
{G1U6-O8PG01AO-0799RATI},05/04/2010 14:46:49,EDB0714,PC-6103,Disconnect
{V6N3-I6IQ20FV-1029BLWZ},05/05/2010 11:58:33,EDB0714,PC-6103,Connect
{B7Q1-K9GC35UP-3406IDEU},05/05/2010 12:26:40,EDB0714,PC-6103,Disconnect
{J0Y4-H7NW96PG-6345IBIC},05/06/2010 08:22:36,EDB0714,PC-6103,Connect
{L6S0-W4CZ55XH-7856VCEW},05/06/2010 08:59:29,EDB0714,PC-6103,Disconnect
{X7I9-R4GQ98LZ-4204LZRI},05/06/2010 11:48:10,EDB0714,PC-6103,Connect
{N6C6-C0MS24GU-6514ZQMU},05/06/2010 11:58:14,EDB0714,PC-6103,Disconnect
{L7A8-K6GX70SJ-2489WUBY},05/07/2010 08:31:08,EDB0714,PC-6103,Connect
{F3C7-Y1UJ57XT-0486PZVY},05/07/2010 08:41:03,EDB0714,PC-6103,Disconnect
{Q7A4-U4SU28NY-4229DHAI},05/07/2010 09:38:05,EDB0714,PC-6103,Connect
{G2K7-S5IA69PQ-0883KXWL},05/07/2010 09:46:45,EDB0714,PC-6103,Disconnect
{D6M8-O6TS74BJ-7648JCZX},05/07/2010 13:17:56,EDB0714,PC-6103,Connect
{O5A0-T5QO41UO-3180FAAY},05/07/2010 13:28:45,EDB0714,PC-6103,Disconnect
{K3X6-S4KC32BX-0642FWIP},05/07/2010 13:41:14,EDB0714,PC-6103,Connect
{E8N7-Y5KA78VF-8730RUEL},05/07/2010 14:10:34,EDB0714,PC-6103,Disconnect
{O8F9-E5AY34QU-3666WWZX},05/10/2010 08:28:55,EDB0714,PC-6103,Connect
{F4D1-U6UD70QS-9360OWTM},05/10/2010 08:43:57,EDB0714,PC-6103,Disconnect
{Z5V2-M9XW42TI-8899BDED},05/10/2010 10:02:19,EDB0714,PC-6103,Connect
{R6V2-A9MW30LX-0379URTV},05/10/2010 10:07:03,EDB0714,PC-6103,Disconnect
{W2Q9-L9DF36OJ-5907GLFQ},05/10/2010 12:46:21,EDB0714,PC-6103,Connect
{G7W6-L1VL55EZ-9456CUEY},05/10/2010 12:47:52,EDB0714,PC-6103,Disconnect
{D1H0-U2PX62BK-2735KSTI},05/10/2010 13:45:12,EDB0714,PC-6103,Connect
{V7F4-D0JI03AQ-8847YUGS},05/10/2010 13:48:22,EDB0714,PC-6103,Disconnect
{Q9N5-W7JV20IK-0579ORIM},05/10/2010 15:14:57,EDB0714,PC-6103,Connect
{M9C5-D3TJ25RD-8840VKJG},05/10/2010 15:23:41,EDB0714,PC-6103,Disconnect
{F0C6-N8WM66VZ-2562DERX},05/11/2010 12:09:52,EDB0714,PC-6103,Connect
{P3S0-O0XO38VH-8470XYRR},05/11/2010 12:44:14,EDB0714,PC-6103,Disconnect
{E9W8-M6SA65YH-4179JNNN},05/12/2010 10:29:47,EDB0714,PC-6103,Connect
{O8Q7-L2PZ20RN-9676NCRR},05/12/2010 11:12:19,EDB0714,PC-6103,Disconnect
{O1T9-V6HN47PX-1603ADAJ},05/12/2010 12:46:50,EDB0714,PC-6103,Connect
{M4R2-W6FA53YM-2332HFKM},05/12/2010 13:14:13,EDB0714,PC-6103,Disconnect
{B7V3-A7HD19QU-8995CRKS},05/13/2010 08:54:31,EDB0714,PC-6103,Connect
{G7E4-R9VI69XT-6689GWIH},05/13/2010 10:27:54,EDB0714,PC-6103,Disconnect
{P2X1-O8HI02QU-2732VBJV},05/14/2010 13:33:41,EDB0714,PC-6103,Connect
{W5J4-S9TK78WI-3777WGUW},05/14/2010 14:21:33,EDB0714,PC-6103,Disconnect
{S1O0-N1ZA67MQ-9440OVFB},05/17/2010 07:45:20,EDB0714,PC-6103,Connect
{R3H4-V0HC85KU-8174HSOF},05/17/2010 08:13:00,EDB0714,PC-6103,Disconnect
{C0O8-Q4SO75BL-9451MGDI},05/17/2010 15:58:53,EDB0714,PC-6103,Connect
{L2W9-Q2VA47JW-5172ONAB},05/17/2010 16:01:15,EDB0714,PC-6103,Disconnect
{I7X7-R6LT28SN-8292QZDH},05/18/2010 10:13:05,EDB0714,PC-6103,Connect
{F9C1-A2KR04JP-4190JLRR},05/18/2010 11:18:34,EDB0714,PC-6103,Disconnect
{T7F1-M9LD08TE-2566TLWC},05/18/2010 12:44:35,EDB0714,PC-6103,Connect
{I6U1-L5XW47IC-6898RUZT},05/18/2010 13:35:39,EDB0714,PC-6103,Disconnect
{J1I5-S0BH65DO-9739BDAX},05/18/2010 14:37:30,EDB0714,PC-6103,Connect
{R0E2-X4PL37CK-8061PZKB},05/18/2010 14:46:27,EDB0714,PC-6103,Disconnect
{K9H5-X9BI39YD-9979GLQS},05/19/2010 09:01:59,EDB0714,PC-6103,Connect
{P3Q0-O7TG27IN-4641RFYS},05/19/2010 09:22:39,EDB0714,PC-6103,Disconnect
{U5T7-F4YG74JE-1996KZHY},05/19/2010 10:58:15,EDB0714,PC-6103,Connect
{R9R8-H1MN29PI-0394QSKT},05/19/2010 12:30:04,EDB0714,PC-6103,Disconnect
{I8Z7-R7YV05RT-5469AHDX},05/19/2010 15:37:55,EDB0714,PC-6103,Connect
{P5S2-W4IS90IS-4551IEXS},05/19/2010 15:40:12,EDB0714,PC-6103,Disconnect
{E4F6-Z7UV20SV-2422MZKC},05/20/2010 09:19:30,EDB0714,PC-6103,Connect
{S4T2-D3DH89EE-6893PCSO},05/20/2010 10:13:33,EDB0714,PC-6103,Disconnect
{Z5E5-D4XE12BS-9732XHTA},05/20/2010 11:08:08,EDB0714,PC-6103,Connect
{F1S8-M8QH25OK-8346NYZZ},05/20/2010 13:46:43,EDB0714,PC-6103,Disconnect
{K4G7-L4MC21KE-0757TTYP},05/20/2010 16:25:18,EDB0714,PC-6103,Connect
{J3W1-M1JS41ZY-7544HJBX},05/20/2010 16:45:04,EDB0714,PC-6103,Disconnect
{E2Y3-C7PI99NH-7607INVA},05/21/2010 08:21:41,EDB0714,PC-6103,Connect
{K4B8-X6ZD58QJ-2586DPSS},05/21/2010 08:28:53,EDB0714,PC-6103,Disconnect
{F0T4-Y1PH13NZ-7378ZAGF},05/21/2010 09:48:22,EDB0714,PC-6103,Connect
{E0K2-H3NB67JY-9505VZCV},05/21/2010 10:25:24,EDB0714,PC-6103,Disconnect
{F9I6-W9PM47CQ-1274FPQA},05/21/2010 12:50:32,EDB0714,PC-6103,Connect
{O4N4-C1EB77PD-4816AYNU},05/21/2010 14:13:04,EDB0714,PC-6103,Disconnect
{B7J1-T1SG06VH-8585KOTZ},05/24/2010 08:53:12,EDB0714,PC-6103,Connect
{V3W8-P0RK53JJ-4440HSCL},05/24/2010 09:36:27,EDB0714,PC-6103,Disconnect
{T8F1-V2GP48QZ-5156PMYC},05/25/2010 11:17:39,EDB0714,PC-6103,Connect
{N4F9-J9FI66AW-1604LXTB},05/25/2010 11:33:41,EDB0714,PC-6103,Disconnect
{S2R7-K0VP75RZ-5810EQJZ},05/25/2010 14:49:30,EDB0714,PC-6103,Connect
{T5E9-U8KA39LE-9807ZABE},05/25/2010 15:01:37,EDB0714,PC-6103,Disconnect
{U6Y2-H0VN25TP-7811FESJ},05/26/2010 09:07:57,EDB0714,PC-6103,Connect
{X1F4-I2DY20KP-4848GKES},05/26/2010 10:16:23,EDB0714,PC-6103,Disconnect
{L8P8-Z0DD35PX-6073DCTC},05/26/2010 13:04:57,EDB0714,PC-6103,Connect
{G5U3-E2ZD50TF-7945VPJC},05/26/2010 13:11:38,EDB0714,PC-6103,Disconnect
{D8E6-S2KD80TA-7078VVEY},05/27/2010 12:24:15,EDB0714,PC-6103,Connect
{E3P4-O6AT55FQ-6932UQVK},05/27/2010 12:24:56,EDB0714,PC-6103,Disconnect
{F8M6-L4PK71TI-2533EMQJ},05/27/2010 13:51:36,EDB0714,PC-6103,Connect
{X5A1-T2QI35RV-2034UHIC},05/27/2010 14:13:33,EDB0714,PC-6103,Disconnect
{U2X2-N5FM19DA-4307LIRH},05/28/2010 14:03:26,EDB0714,PC-6103,Connect
{L7R0-M2LW13BM-3109GXIB},05/28/2010 14:11:40,EDB0714,PC-6103,Disconnect
{U3W2-N9VZ29YF-4550BSTT},05/28/2010 14:12:22,EDB0714,PC-6103,Connect
{H6E9-T9BX05GD-4330CXOM},05/28/2010 14:13:07,EDB0714,PC-6103,Disconnect
{P4U9-I0LJ71BC-3350SNNB},05/28/2010 14:13:43,EDB0714,PC-6103,Connect
{T1R6-W7UD43NP-2778SVLO},05/28/2010 14:15:19,EDB0714,PC-6103,Disconnect
{E9R8-Y3RA88DB-7283XHTW},06/01/2010 14:15:10,EDB0714,PC-6103,Connect
{J9D0-R8MV34NE-9652HGMO},06/01/2010 14:23:08,EDB0714,PC-6103,Disconnect
{Z5B7-A5KQ38TJ-3454VQWZ},06/02/2010 09:43:17,EDB0714,PC-6103,Connect
{D9P1-P3MT20IL-6756HQNN},06/02/2010 10:22:44,EDB0714,PC-6103,Disconnect
{N5D8-F7ZJ76HD-6956PVCN},06/02/2010 12:37:19,EDB0714,PC-6103,Connect
{H0L0-E2QM81AB-9923BOJE},06/02/2010 13:07:16,EDB0714,PC-6103,Disconnect
{O7O9-D6WS05UC-0392JQUX},06/03/2010 12:33:10,EDB0714,PC-6103,Connect
{M8D7-E8CO42EZ-6161XKJO},06/03/2010 14:41:57,EDB0714,PC-6103,Disconnect
{Y0G3-S8ON03HG-2595QECX},06/03/2010 15:17:25,EDB0714,PC-6103,Connect
{D7P3-N2PY78JF-6401KPIX},06/03/2010 16:51:02,EDB0714,PC-6103,Disconnect
{I0L7-O0YR36FN-8024DVNB},06/04/2010 09:42:21,EDB0714,PC-6103,Connect
{R1Q8-I3HL40AK-6306VGLH},06/04/2010 09:52:30,EDB0714,PC-6103,Disconnect
{A6J9-E9RS17QQ-3953TNVT},06/04/2010 13:39:01,EDB0714,PC-6103,Connect
{B8Q3-D1LJ64IJ-3432BFPX},06/04/2010 13:47:38,EDB0714,PC-6103,Disconnect
{S0K3-C0LX22AQ-0252POVT},06/07/2010 08:29:08,EDB0714,PC-6103,Connect
{N1M9-S0TL75SM-8063KISC},06/07/2010 08:38:59,EDB0714,PC-6103,Disconnect
{M3V4-K5CA33FI-6695GYVC},06/07/2010 09:41:12,EDB0714,PC-6103,Connect
{K7T6-L1AQ69LN-7300VFWB},06/07/2010 09:41:21,EDB0714,PC-6103,Disconnect
{Q6J0-N3GO01SA-0131GDGO},06/07/2010 11:37:22,EDB0714,PC-6103,Connect
{T7E8-Z3DJ65TU-8073MYXI},06/07/2010 11:41:54,EDB0714,PC-6103,Disconnect
{M0Y4-U6DN32RR-6333PVUI},06/07/2010 13:37:11,EDB0714,PC-6103,Connect
{D6W1-K1QV39VP-2347MUUH},06/07/2010 13:38:36,EDB0714,PC-6103,Disconnect
{J8O4-J0HQ65MR-6753TMGF},06/08/2010 09:45:36,EDB0714,PC-6103,Connect
{P7I6-W6DZ35EG-0934QRIA},06/08/2010 10:30:04,EDB0714,PC-6103,Disconnect
{M7Q8-X0SG22XH-5001PKKM},06/09/2010 11:50:14,EDB0714,PC-6103,Connect
{W0A8-W6ZC06EM-7089DMMI},06/09/2010 12:13:52,EDB0714,PC-6103,Disconnect
{U4V2-L7QI63CO-4143HOIS},06/09/2010 13:49:14,EDB0714,PC-6103,Connect
{H9S6-N6PN89GO-9754BAPR},06/09/2010 14:44:36,EDB0714,PC-6103,Disconnect
{M2X1-V1HG43XP-8326KMJG},06/10/2010 08:02:56,EDB0714,PC-6103,Connect
{N2C2-S2JQ98AP-8382WVIZ},06/10/2010 08:37:05,EDB0714,PC-6103,Disconnect
{T4U9-H2IX83IS-1929VLSD},06/10/2010 11:23:34,EDB0714,PC-6103,Connect
{Y9D9-Y9RJ69IC-1801QVUZ},06/10/2010 12:20:26,EDB0714,PC-6103,Disconnect
{X2V0-P5ZP13DF-2491MDFB},06/10/2010 12:58:35,EDB0714,PC-6103,Connect
{M3Y5-M6FG62JV-9047HEAK},06/10/2010 13:19:45,EDB0714,PC-6103,Disconnect
{C7B7-L9AW04VU-7528CZTU},06/11/2010 07:59:05,EDB0714,PC-6103,Connect
{V1H7-R9IK22QC-4489OACO},06/11/2010 09:49:38,EDB0714,PC-6103,Disconnect
{P4V8-Z9MB36RL-2914IGSQ},06/11/2010 11:41:01,EDB0714,PC-6103,Connect
{C8A6-Q4YC10HY-4978DAMA},06/11/2010 11:48:23,EDB0714,PC-6103,Disconnect
{Z9E7-R1HH60HL-0278APVA},06/11/2010 12:19:51,EDB0714,PC-6103,Connect
{Y9A8-X6DQ35FY-2025XLER},06/11/2010 12:55:15,EDB0714,PC-6103,Disconnect
{B4G7-X6EM08DI-8060BTMG},06/11/2010 13:09:20,EDB0714,PC-6103,Connect
{U4K6-N3OP53JD-4520FLJD},06/11/2010 13:40:47,EDB0714,PC-6103,Disconnect
{M1M1-G2NT28TS-2459XYMH},06/14/2010 10:15:38,EDB0714,PC-6103,Connect
{X6F8-Q6HB76DJ-0410CKZI},06/14/2010 10:36:53,EDB0714,PC-6103,Disconnect
{R4K3-H8QS15GQ-6480CBRO},06/14/2010 11:49:25,EDB0714,PC-6103,Connect
{V7R5-G3EF97QN-7721DEHO},06/14/2010 12:08:20,EDB0714,PC-6103,Disconnect
{I6C7-A9NW99YM-5992MPST},06/14/2010 15:43:37,EDB0714,PC-6103,Connect
{K6R8-J5JT38KT-6530ZJOG},06/14/2010 15:52:57,EDB0714,PC-6103,Disconnect
{P6N9-C0NS71OQ-8878CVTQ},06/15/2010 14:27:03,EDB0714,PC-6103,Connect
{I7H2-P9MI24XL-7675FNUC},06/15/2010 14:54:58,EDB0714,PC-6103,Disconnect
{J2K9-H5SL65GU-6474ODVI},06/15/2010 15:04:24,EDB0714,PC-6103,Connect
{A0S1-S0ZC23KD-3325RNLK},06/15/2010 15:42:55,EDB0714,PC-6103,Disconnect
{M9J6-S4YM42QY-7102EJRV},06/16/2010 08:32:49,EDB0714,PC-6103,Connect
{Q2X4-C8FV80OF-1382IRUO},06/16/2010 09:31:13,EDB0714,PC-6103,Disconnect
{S7U5-O1ZI13RP-3404ADGF},06/16/2010 11:06:34,EDB0714,PC-6103,Connect
{U2W6-U9NM24GN-4591LOSK},06/16/2010 12:15:20,EDB0714,PC-6103,Disconnect
{R1U5-Y1FT71IA-1800JSYV},06/17/2010 15:00:51,EDB0714,PC-6103,Connect
{T6Z1-W1RO01LM-6620MSVE},06/17/2010 15:20:42,EDB0714,PC-6103,Disconnect
{L0W5-F3FY07VT-0241WONY},06/18/2010 12:36:51,EDB0714,PC-6103,Connect
{G0L1-A0DA54PS-6505RTWA},06/18/2010 15:56:14,EDB0714,PC-6103,Disconnect
{C4M6-X6QU88AB-7371PJKN},06/21/2010 10:09:24,EDB0714,PC-6103,Connect
{P8L7-P7US59EN-5584CBDD},06/21/2010 11:53:27,EDB0714,PC-6103,Disconnect
{X3N0-C9MU17UZ-5079VDZS},06/21/2010 13:03:23,EDB0714,PC-6103,Connect
{K7W8-K0FZ29GV-8123OCFD},06/21/2010 13:27:50,EDB0714,PC-6103,Disconnect
{J5U6-Q1LT53IW-4175YOHL},06/22/2010 07:38:37,EDB0714,PC-6103,Connect
{C2B8-J3OL56JW-4266VETH},06/22/2010 08:05:15,EDB0714,PC-6103,Disconnect
{J0K5-V0IW19ZA-6622ZOFJ},06/22/2010 08:06:40,EDB0714,PC-6103,Connect
{M5M2-Y1SI15ZW-2467JIWU},06/22/2010 08:08:41,EDB0714,PC-6103,Disconnect
{S8S5-B0II32BM-7724DKPD},06/22/2010 12:20:53,EDB0714,PC-6103,Connect
{R2P1-F5VS98WO-1949HPEX},06/22/2010 12:22:09,EDB0714,PC-6103,Disconnect
{L3V9-F8IW11BD-8575LLTS},06/23/2010 11:56:59,EDB0714,PC-6103,Connect
{Q5G9-J5KU91BM-7260YBZL},06/23/2010 12:36:00,EDB0714,PC-6103,Disconnect
{Y1Y9-L8IQ82HZ-4120FTLX},06/23/2010 13:39:13,EDB0714,PC-6103,Connect
{Q3D8-X5BM63VE-9026FZGL},06/23/2010 14:03:32,EDB0714,PC-6103,Disconnect
{L5D4-D3PH56WH-7381SENI},06/23/2010 14:20:33,EDB0714,PC-6103,Connect
{Y3B8-K4PL61RO-1717CXVJ},06/23/2010 14:23:30,EDB0714,PC-6103,Disconnect
{S6A6-R3JY31YZ-9329BRVO},06/24/2010 07:55:05,EDB0714,PC-6103,Connect
{R7I2-C9UB23PZ-3723FZMH},06/24/2010 08:35:05,EDB0714,PC-6103,Disconnect
{X1Z8-D0IM02XY-9631JHZF},06/24/2010 08:35:42,EDB0714,PC-6103,Connect
{F1B2-X0GH58MP-4158XJSU},06/24/2010 08:41:31,EDB0714,PC-6103,Disconnect
{R3Y5-D5ZT35RU-2420CZRF},06/24/2010 15:07:05,EDB0714,PC-6103,Connect
{L5D7-F2SA18GZ-7222IDME},06/24/2010 16:27:19,EDB0714,PC-6103,Disconnect
{Y5B7-G8ZJ10QX-0090QIWQ},06/25/2010 10:35:14,EDB0714,PC-6103,Connect
{D7Y3-Z6VA31RV-0523LDAI},06/25/2010 12:49:38,EDB0714,PC-6103,Disconnect
{A5P0-C5SM51RQ-3201BRUN},06/25/2010 14:32:40,EDB0714,PC-6103,Connect
{A2P0-F5KV48MQ-3094VPSB},06/25/2010 15:41:47,EDB0714,PC-6103,Disconnect
{Q5F6-G4RD31TZ-9712ZYAB},06/28/2010 07:57:39,EDB0714,PC-6103,Connect
{S3M7-X4EF23SE-5154WOFW},06/28/2010 08:14:57,EDB0714,PC-6103,Disconnect
{Y5F6-O4CQ01RT-9166HEYT},06/28/2010 10:15:17,EDB0714,PC-6103,Connect
{J6W9-Z0MC86GK-7337EFYU},06/28/2010 10:20:47,EDB0714,PC-6103,Disconnect
{Y7B8-B4NI94QO-1915LHSW},06/28/2010 11:08:56,EDB0714,PC-6103,Connect
{W5W8-F7BS56GR-4505EXVZ},06/28/2010 12:11:49,EDB0714,PC-6103,Disconnect
{M8X7-N9OF04FL-8626LOLK},06/29/2010 10:24:04,EDB0714,PC-6103,Connect
{L4R7-R6DX25ZL-8372FJUF},06/29/2010 11:12:31,EDB0714,PC-6103,Disconnect
{Z9M9-E8TQ09WZ-2761UVUZ},06/29/2010 15:43:53,EDB0714,PC-6103,Connect
{Z2N3-W5SY25ZE-7759QMFG},06/29/2010 16:32:27,EDB0714,PC-6103,Disconnect
{P9I0-U4SQ89WY-5807OMOT},06/30/2010 07:49:10,EDB0714,PC-6103,Connect
{J4S3-V1RU98ME-6628JBQU},06/30/2010 09:18:06,EDB0714,PC-6103,Disconnect
{S7G5-B2GS61GB-7023DVOP},06/30/2010 11:21:06,EDB0714,PC-6103,Connect
{O5K8-N9SX00BP-1880ACQG},06/30/2010 12:01:29,EDB0714,PC-6103,Disconnect
{G3B8-V9QG95GH-5609OJGY},06/30/2010 14:30:05,EDB0714,PC-6103,Connect
{B0G2-D1UR09VO-5912UOSD},06/30/2010 15:24:22,EDB0714,PC-6103,Disconnect
{L7W7-I6OJ71IV-6032PZKT},07/01/2010 07:38:51,EDB0714,PC-6103,Connect
{U6J3-F4FU68UY-3507RDQI},07/01/2010 07:56:13,EDB0714,PC-6103,Disconnect
{W8M8-P0ML85DA-6673ILIL},07/01/2010 12:24:42,EDB0714,PC-6103,Connect
{C0Z2-D7XX79FO-9056SUEX},07/01/2010 13:14:19,EDB0714,PC-6103,Disconnect
{Z6M6-T0QU47VY-4604INKG},07/01/2010 14:29:03,EDB0714,PC-6103,Connect
{E0Y8-K7SY33XG-0991THPV},07/01/2010 14:34:34,EDB0714,PC-6103,Disconnect
{B3X2-R9OL36SC-1301MLGM},07/02/2010 08:18:44,EDB0714,PC-6103,Connect
{K6C9-N2TK73OU-7650DPEU},07/02/2010 09:12:42,EDB0714,PC-6103,Disconnect
{A5L7-H5BO23NW-0141GHYI},07/02/2010 10:50:23,EDB0714,PC-6103,Connect
{O1U7-F4KL56XJ-9788VETB},07/02/2010 12:24:36,EDB0714,PC-6103,Disconnect
{Q5V5-K5EB46FV-3931AMLI},07/06/2010 10:14:00,EDB0714,PC-6103,Connect
{C7F6-Y7IV03HF-7818WAGN},07/06/2010 13:25:16,EDB0714,PC-6103,Disconnect
{A3E8-C9MP73FV-4290VTUD},07/07/2010 09:22:24,EDB0714,PC-6103,Connect
{F0A8-L7UW25TF-0567IGIC},07/07/2010 09:33:21,EDB0714,PC-6103,Disconnect
{Y7M7-P5VJ18CQ-5242WFFM},07/07/2010 13:06:33,EDB0714,PC-6103,Connect
{K4U8-H7WX83OW-6369LHJH},07/07/2010 13:27:20,EDB0714,PC-6103,Disconnect
{Y0N5-Z1XD06ZA-4964LZHW},07/08/2010 08:58:46,EDB0714,PC-6103,Connect
{C3Q5-D9NM57AX-7324UCUF},07/08/2010 10:52:36,EDB0714,PC-6103,Disconnect
{Q4V8-U5KU10MM-6001GQHU},07/09/2010 14:41:32,EDB0714,PC-6103,Connect
{H5A1-D4XB21HN-7113DWPN},07/09/2010 14:46:11,EDB0714,PC-6103,Disconnect
{P4J9-X0EQ61UQ-9098OGMU},07/12/2010 10:33:14,EDB0714,PC-6103,Connect
{E7S8-X2GW54NP-5826RBZE},07/12/2010 10:47:25,EDB0714,PC-6103,Disconnect
{Y8I8-F2RC26YT-2408YUEN},07/12/2010 15:48:19,EDB0714,PC-6103,Connect
{E4Z4-M0TU74NC-3594UZWA},07/12/2010 16:21:59,EDB0714,PC-6103,Disconnect
{N6D7-E3ZS59TD-0298JIGS},07/13/2010 13:45:12,EDB0714,PC-6103,Connect
{K8E4-C8GM62NW-7626GKIF},07/13/2010 13:49:53,EDB0714,PC-6103,Disconnect
{N1H3-V1EH18GR-0456JZEO},07/14/2010 09:42:04,EDB0714,PC-6103,Connect
{U4A0-R5NI74UG-7213IEFI},07/14/2010 09:55:07,EDB0714,PC-6103,Disconnect
{O8X2-K2NS16PZ-2115IPSI},07/14/2010 13:31:16,EDB0714,PC-6103,Connect
{B5E4-B3CC59FC-5626XRTW},07/14/2010 14:08:15,EDB0714,PC-6103,Disconnect
{Q6C8-E4WZ72LA-8936YIEB},07/15/2010 13:13:04,EDB0714,PC-6103,Connect
{S9Y6-S1PP05ZO-8238VTVR},07/15/2010 13:20:18,EDB0714,PC-6103,Disconnect
{S9H3-R8BE45AM-3124PRUY},07/15/2010 14:15:37,EDB0714,PC-6103,Connect
{S4W9-K7HN73XZ-5208FZZG},07/15/2010 14:22:34,EDB0714,PC-6103,Disconnect
{T7X5-D8GR05QS-9029XAIA},07/16/2010 10:40:07,EDB0714,PC-6103,Connect
{T3P6-V9MF28BB-5738CDDU},07/16/2010 10:59:16,EDB0714,PC-6103,Disconnect
{H9G4-F6MR77UA-9046SCWN},07/19/2010 07:56:25,EDB0714,PC-6103,Connect
{Y6U1-A5ER61HM-1028XZRY},07/19/2010 07:58:21,EDB0714,PC-6103,Disconnect
{H9H3-U1WL83GU-2016ERGV},07/19/2010 08:02:39,EDB0714,PC-6103,Connect
{A9N8-G7FS31HQ-0987TUQG},07/19/2010 08:11:43,EDB0714,PC-6103,Disconnect
{I1R3-E2YU38NC-5463XXGU},07/19/2010 08:11:51,EDB0714,PC-6103,Connect
{S4K6-E1CT85VA-9078WTAF},07/19/2010 08:29:59,EDB0714,PC-6103,Disconnect
{Q2Q6-H7DF40CJ-7416UNAJ},07/20/2010 08:59:13,EDB0714,PC-6103,Connect
{N5H2-H4OV57UN-1574MMYG},07/20/2010 09:01:46,EDB0714,PC-6103,Disconnect
{B0M7-W1QC51RC-4940MAKZ},07/20/2010 09:06:28,EDB0714,PC-6103,Connect
{M8T6-M0RE57YH-4558GUCF},07/20/2010 09:26:34,EDB0714,PC-6103,Disconnect
{I4H7-R2AQ47US-8196WVZZ},07/20/2010 12:23:41,EDB0714,PC-6103,Connect
{X3K9-R0ZD79IO-8324BJBV},07/20/2010 12:27:47,EDB0714,PC-6103,Disconnect
{S0I2-M1CR07AL-6112XTZT},07/21/2010 09:24:14,EDB0714,PC-6103,Connect
{Y5S2-R2GN32BM-6114HHDH},07/21/2010 09:24:44,EDB0714,PC-6103,Disconnect
{Y4G0-G9ZW02OP-7168NOLB},07/21/2010 10:35:59,EDB0714,PC-6103,Connect
{D7I2-U1QC27IP-0612VQPE},07/21/2010 11:45:41,EDB0714,PC-6103,Disconnect
{W5K5-D8BD79ML-7727SNZG},07/21/2010 15:04:21,EDB0714,PC-6103,Connect
{V3O7-J8XQ42LX-0447XVMT},07/21/2010 15:17:26,EDB0714,PC-6103,Disconnect
{J8J0-N3VT34JA-0967NKFG},07/22/2010 08:39:42,EDB0714,PC-6103,Connect
{U8H3-L1HA05YU-0243GDEV},07/22/2010 09:04:32,EDB0714,PC-6103,Disconnect
{V5Z5-K9QS10PJ-9729MNHY},07/22/2010 11:27:46,EDB0714,PC-6103,Connect
{O6O2-I5OO99QC-5644SOFU},07/22/2010 11:47:51,EDB0714,PC-6103,Disconnect
{O9F7-M0JM59NI-0734YEBA},07/22/2010 13:25:13,EDB0714,PC-6103,Connect
{O3A5-Y2AR83NQ-3570HKSG},07/22/2010 13:25:34,EDB0714,PC-6103,Disconnect
{O1P6-Y6YT52EH-3558JUFT},07/22/2010 15:06:16,EDB0714,PC-6103,Connect
{S3Q2-N2LP82KD-4535BQHZ},07/22/2010 15:52:41,EDB0714,PC-6103,Disconnect
{Q6D0-T1FB32IB-8578UCTH},07/23/2010 10:53:47,EDB0714,PC-6103,Connect
{K3L4-S2ZR51IG-4574GTPN},07/23/2010 11:03:53,EDB0714,PC-6103,Disconnect
{N1C4-M8IW06JO-5669CBIE},07/23/2010 11:54:22,EDB0714,PC-6103,Connect
{P7S7-F1PW56IM-3498HZCZ},07/23/2010 11:57:26,EDB0714,PC-6103,Disconnect
{B5F0-D4DI76ZQ-4922MLFY},07/23/2010 14:43:10,EDB0714,PC-6103,Connect
{D4Z2-Q0LI15SU-0176EAEY},07/23/2010 15:01:41,EDB0714,PC-6103,Disconnect
{F7M3-K0DU06QM-3728RTVB},07/23/2010 15:14:40,EDB0714,PC-6103,Connect
{Q4Z1-B8IP13OF-5881AKYX},07/23/2010 15:30:06,EDB0714,PC-6103,Disconnect
{N3L0-D4XK46XL-7325RJHO},07/26/2010 11:34:45,EDB0714,PC-6103,Connect
{F0H3-O5GD37HJ-8058FYSM},07/26/2010 11:42:46,EDB0714,PC-6103,Disconnect
{S5M5-J2DH23LX-0614GBEY},07/26/2010 14:35:19,EDB0714,PC-6103,Connect
{L9U6-D0KP62BT-0659XWIN},07/26/2010 14:39:54,EDB0714,PC-6103,Disconnect
{N6N5-Q2XL33CF-5005QSIF},07/27/2010 09:15:09,EDB0714,PC-6103,Connect
{A0M6-H7SM19DW-0915NSNS},07/27/2010 09:21:57,EDB0714,PC-6103,Disconnect
{H3N3-B6XG10AR-7617PENF},07/27/2010 13:48:44,EDB0714,PC-6103,Connect
{B3Y4-F5XF28LN-1553QEQK},07/27/2010 14:00:41,EDB0714,PC-6103,Disconnect
{S5Q0-I3FD86WW-0831RWCX},07/27/2010 15:51:34,EDB0714,PC-6103,Connect
{P7A7-W8MB13NI-8746AVWJ},07/27/2010 16:09:55,EDB0714,PC-6103,Disconnect
{S6W3-S4LF61YD-9338DOLW},07/28/2010 13:14:48,EDB0714,PC-6103,Connect
{K2O8-E8OD22ZU-0353UJKE},07/28/2010 14:55:53,EDB0714,PC-6103,Disconnect
{J0H1-T5FN07ZI-2025PCCI},07/28/2010 15:55:49,EDB0714,PC-6103,Connect
{W5N7-E0UM45UX-2574METQ},07/28/2010 16:00:41,EDB0714,PC-6103,Disconnect
{F6L5-B6KZ02RO-5161YRQA},07/29/2010 08:48:50,EDB0714,PC-6103,Connect
{I7Y9-K4HQ66CZ-6182EHXW},07/29/2010 09:29:28,EDB0714,PC-6103,Disconnect
{X9N2-A2HW05VK-2586QHRR},07/29/2010 13:26:16,EDB0714,PC-6103,Connect
{S4W1-M6RL89XF-9035HYIE},07/29/2010 13:51:16,EDB0714,PC-6103,Disconnect
{R6Z4-K0KY86ZT-3667ZKNH},07/29/2010 15:30:59,EDB0714,PC-6103,Connect
{U3K4-P8JN64AF-1322YDCJ},07/29/2010 16:06:55,EDB0714,PC-6103,Disconnect
{W0C4-U2LJ00DK-6010VRTU},07/30/2010 11:10:25,EDB0714,PC-6103,Connect
{J3S1-F5CW34YJ-2931JLZW},07/30/2010 11:12:36,EDB0714,PC-6103,Disconnect
{P3B5-D4UI04TM-7634VQME},08/02/2010 09:15:05,EDB0714,PC-6103,Connect
{T2H8-D6VA85YT-6492VYLR},08/02/2010 10:23:19,EDB0714,PC-6103,Disconnect
{T9L4-L3FU06FR-4442THUU},08/03/2010 12:24:08,EDB0714,PC-6103,Connect
{M8A8-E2AK23QZ-7144XRRM},08/03/2010 12:34:11,EDB0714,PC-6103,Disconnect
{X9O1-D4EY17AI-5373TXKW},08/04/2010 09:15:55,EDB0714,PC-6103,Connect
{R9C9-R0XI01VJ-4163RAUQ},08/04/2010 09:25:28,EDB0714,PC-6103,Disconnect
{B8W9-S4TW36MF-8806YBDY},08/04/2010 11:45:05,EDB0714,PC-6103,Connect
{X7D7-L7XG46MH-0718LDOQ},08/04/2010 11:48:07,EDB0714,PC-6103,Disconnect
{F5F5-S9BC24FQ-2019RBVM},08/04/2010 11:56:57,EDB0714,PC-6103,Connect
{R9M5-O8WY19VR-3702WCEP},08/04/2010 12:00:24,EDB0714,PC-6103,Disconnect
{Y7K9-E8HW73QU-5462NGQY},08/05/2010 11:11:55,EDB0714,PC-6103,Connect
{H9I3-Q4MR28CJ-4046RJDV},08/05/2010 11:26:36,EDB0714,PC-6103,Disconnect
{M2Y9-M5KP77ZS-6305ZZRA},08/06/2010 08:11:32,EDB0714,PC-6103,Connect
{E7U8-E5PE50RK-6404VOPA},08/06/2010 08:58:01,EDB0714,PC-6103,Disconnect
{U6Q5-N9NW52GB-7018PBTD},08/06/2010 13:18:46,EDB0714,PC-6103,Connect
{F5L8-I4YP70LJ-8224UXXV},08/06/2010 13:41:40,EDB0714,PC-6103,Disconnect
{H4R0-K3OB70EU-9349KFLM},08/06/2010 15:01:12,EDB0714,PC-6103,Connect
{T6Q4-W2BM96YV-6692HASL},08/06/2010 16:00:13,EDB0714,PC-6103,Disconnect
{W2Z3-Z6DU65KH-4479CNFW},08/09/2010 10:38:44,EDB0714,PC-6103,Connect
{D9T0-X9SQ04KV-2116XAGW},08/09/2010 11:07:02,EDB0714,PC-6103,Disconnect
{R7O6-Z8XP84RC-4045MNUF},08/09/2010 12:17:20,EDB0714,PC-6103,Connect
{D1P0-D8PD37UO-6139DQWF},08/09/2010 12:24:50,EDB0714,PC-6103,Disconnect
{Y6R0-Z5AK92VH-9117ORXJ},08/09/2010 14:20:17,EDB0714,PC-6103,Connect
{Y6I6-I4II85NH-5660EGKM},08/09/2010 14:34:39,EDB0714,PC-6103,Disconnect
{N4E2-A0JW52TA-4374AIII},08/10/2010 08:26:31,EDB0714,PC-6103,Connect
{Y9E8-I3JK27GY-9231KNFO},08/10/2010 09:10:31,EDB0714,PC-6103,Disconnect
{N1F4-P9QI52QN-8149QRCR},08/11/2010 08:49:23,EDB0714,PC-6103,Connect
{C7B5-Q7VZ04MT-6999QCZT},08/11/2010 08:56:54,EDB0714,PC-6103,Disconnect
{T4Q5-V0NN59VQ-0739TOIW},08/11/2010 12:40:11,EDB0714,PC-6103,Connect
{M9W9-P9XS23WG-2195SUVF},08/11/2010 12:51:08,EDB0714,PC-6103,Disconnect
{D3E8-A8DY99YQ-8860AAZS},08/12/2010 09:24:55,EDB0714,PC-6103,Connect
{K3K6-J4DK32LB-1976IJDL},08/12/2010 09:25:27,EDB0714,PC-6103,Disconnect
{F7W1-O4DR16LE-8164PORT},08/13/2010 08:16:13,EDB0714,PC-6103,Connect
{F9O6-C7KR97ZX-0473VEST},08/13/2010 08:34:32,EDB0714,PC-6103,Disconnect
{B9P5-Q8NT43SM-7866GJUL},08/13/2010 12:29:42,EDB0714,PC-6103,Connect
{N8C7-U1CE00WQ-2233ZGCP},08/13/2010 13:02:15,EDB0714,PC-6103,Disconnect
{H7N5-W2XG64DR-4154MGXE},08/13/2010 15:20:45,EDB0714,PC-6103,Connect
{M7C4-Y2GU06QZ-3032DJUM},08/13/2010 15:29:07,EDB0714,PC-6103,Disconnect
{O0U3-L2BK63OO-7680JKKM},08/16/2010 08:03:57,EDB0714,PC-6103,Connect
{C0R9-S5IM20JQ-6531DJGM},08/16/2010 08:07:02,EDB0714,PC-6103,Disconnect
{U9S2-F7HB17IU-5274SDGV},08/16/2010 08:08:43,EDB0714,PC-6103,Connect
{Y5N4-R6VW35OG-3266QIVM},08/16/2010 08:10:59,EDB0714,PC-6103,Disconnect
{Q8Y9-D9KB58MI-0052PZGO},08/16/2010 10:17:30,EDB0714,PC-6103,Connect
{L2A8-A7TG46GM-2928TPYH},08/16/2010 10:26:10,EDB0714,PC-6103,Disconnect
{R6I3-A6CZ62VM-0361LPWC},08/18/2010 10:20:17,EDB0714,PC-6103,Connect
{S6Y1-B1TB06BO-4627AEIY},08/18/2010 10:39:00,EDB0714,PC-6103,Disconnect
{X3M5-W3FH18KU-4017MPGR},08/18/2010 14:16:11,EDB0714,PC-6103,Connect
{O9B4-W0GB94WH-0987SUZA},08/18/2010 15:56:29,EDB0714,PC-6103,Disconnect
{W0J7-N5XB96GE-1649GVHQ},08/19/2010 09:21:26,EDB0714,PC-6103,Connect
{B9Z7-Q0MZ03VK-3610TEBD},08/19/2010 09:22:35,EDB0714,PC-6103,Disconnect
{Q0O4-E4PJ68WF-7971RLCB},08/19/2010 11:05:01,EDB0714,PC-6103,Connect
{R2F6-V3QS82HM-8515CEQX},08/19/2010 11:40:17,EDB0714,PC-6103,Disconnect
{A5L6-Q0ST06GX-9452HGCV},08/19/2010 13:58:50,EDB0714,PC-6103,Connect
{W9U3-W9AN85NI-4445YUHW},08/19/2010 14:02:35,EDB0714,PC-6103,Disconnect
{X2U5-R1ZA54KD-0848PLTI},08/20/2010 13:57:52,EDB0714,PC-6103,Connect
{F0H0-I1WF71QA-6429BKDR},08/20/2010 13:58:28,EDB0714,PC-6103,Disconnect
{C1H0-H1MT01BY-1546VTAK},08/20/2010 15:04:28,EDB0714,PC-6103,Connect
{G0K7-P3AI66RF-8740AUTV},08/20/2010 15:25:37,EDB0714,PC-6103,Disconnect
{H5B9-R7VW47MW-3535XHWT},08/23/2010 08:55:45,EDB0714,PC-6103,Connect
{F6N9-J1DT73HI-0672UEMU},08/23/2010 08:56:04,EDB0714,PC-6103,Disconnect
{H8Y4-K4BQ12BM-8621LMRQ},08/23/2010 11:52:11,EDB0714,PC-6103,Connect
{C7S8-G1YI06GS-7754KLTQ},08/23/2010 12:15:20,EDB0714,PC-6103,Disconnect
{U5Q3-H4NO50YS-4263XWWW},08/24/2010 09:53:17,EDB0714,PC-6103,Connect
{P1O4-G1TG83SN-9151TGWN},08/24/2010 10:09:37,EDB0714,PC-6103,Disconnect
{Y6Z6-Z1US00EP-9390IIEK},08/24/2010 10:57:30,EDB0714,PC-6103,Connect
{I1P2-E9RY27EP-5096EXNW},08/24/2010 10:59:43,EDB0714,PC-6103,Disconnect
{X1R6-P4QA88RH-0848VJFH},08/24/2010 15:55:32,EDB0714,PC-6103,Connect
{L5R1-I7GO20OC-5001FXEW},08/24/2010 16:30:30,EDB0714,PC-6103,Disconnect
{P9L4-V4OD87WC-8368EYHU},08/25/2010 10:13:41,EDB0714,PC-6103,Connect
{A3T4-E9LD28JS-1165LYEN},08/25/2010 10:57:41,EDB0714,PC-6103,Disconnect
{Q3H1-F7LJ12SY-5625ZBUI},08/26/2010 08:51:37,EDB0714,PC-6103,Connect
{X3C8-R0UV66ZX-7910YULJ},08/26/2010 09:19:43,EDB0714,PC-6103,Disconnect
{L0K9-G6MH98ZA-0313IYCB},08/26/2010 15:44:16,EDB0714,PC-6103,Connect
{A3G8-K7RX55PK-6432HZKO},08/26/2010 15:56:19,EDB0714,PC-6103,Disconnect
{H2Z2-P9BQ63HG-8909BNZE},08/27/2010 08:46:25,EDB0714,PC-6103,Connect
{X2I2-Q3WK65QA-2228MMIA},08/27/2010 08:56:40,EDB0714,PC-6103,Disconnect
{G4E4-C1TT21IQ-9450HZTQ},08/27/2010 15:36:11,EDB0714,PC-6103,Connect
{F4E6-G4GX78FF-9121WLTL},08/27/2010 16:34:30,EDB0714,PC-6103,Disconnect
{U0K4-X6SB43YL-2521CTEZ},08/30/2010 08:40:36,EDB0714,PC-6103,Connect
{P8M6-D4ID70XC-1609YGFD},08/30/2010 09:38:49,EDB0714,PC-6103,Disconnect
{W2K0-T1OS05WR-5339CUNB},08/30/2010 15:03:58,EDB0714,PC-6103,Connect
{O7R5-L2ZR80UF-2003WNTW},08/30/2010 16:02:30,EDB0714,PC-6103,Disconnect
{R2W2-C6MN74HJ-9832EYZU},08/31/2010 12:27:50,EDB0714,PC-6103,Connect
{B6M1-A4GL48XC-7191HVDY},08/31/2010 12:39:58,EDB0714,PC-6103,Disconnect
{Y9X1-E7YH55YW-1920PZYM},08/31/2010 15:46:07,EDB0714,PC-6103,Connect
{X9I8-T7VK52NG-3687HDJK},08/31/2010 16:12:39,EDB0714,PC-6103,Disconnect
{D7F7-D3HX38JX-3116NFLB},09/01/2010 08:21:11,EDB0714,PC-6103,Connect
{P2H6-O3AD11PL-4689EKHW},09/01/2010 09:04:11,EDB0714,PC-6103,Disconnect
{K0C0-S0WN41OO-4778GMGG},09/01/2010 12:19:56,EDB0714,PC-6103,Connect
{T2W7-J8SG88IG-0597DZDH},09/01/2010 12:27:02,EDB0714,PC-6103,Disconnect
{B7G3-Z8IF56HD-4926SSUO},09/02/2010 08:58:21,EDB0714,PC-6103,Connect
{M9E6-N0BX94TE-9370HEKQ},09/02/2010 09:01:26,EDB0714,PC-6103,Disconnect
{V7D4-K0CV15RC-1866DWCC},09/02/2010 11:34:34,EDB0714,PC-6103,Connect
{L1U0-P0EX96ZZ-2483SVUL},09/02/2010 11:59:00,EDB0714,PC-6103,Disconnect
{R6O4-Q8OX27UO-9563LWLQ},09/02/2010 15:05:19,EDB0714,PC-6103,Connect
{S2B2-T6EE75XX-0623IZOG},09/02/2010 15:43:29,EDB0714,PC-6103,Disconnect
{N0U0-M1LL46EB-6591VQOA},09/03/2010 08:43:31,EDB0714,PC-6103,Connect
{E3B5-G1IF10ZQ-7804GDTQ},09/03/2010 09:39:35,EDB0714,PC-6103,Disconnect
{V4E4-C1RQ78NH-9296YXFX},09/03/2010 12:29:33,EDB0714,PC-6103,Connect
{E7G2-Y2UH60DZ-7433KNTP},09/03/2010 12:36:00,EDB0714,PC-6103,Disconnect
{K4A1-C3JV30PD-6842MLTR},09/03/2010 15:50:06,EDB0714,PC-6103,Connect
{Q4G9-B3FZ62XT-8334WBJY},09/03/2010 16:13:28,EDB0714,PC-6103,Disconnect
{Q7B0-H2JL14PM-6597VPEH},09/07/2010 08:23:40,EDB0714,PC-6103,Connect
{V2Y6-I2LF22RO-8806GJQU},09/07/2010 09:56:20,EDB0714,PC-6103,Disconnect
{I3G5-E8JO75ZL-2861RZUS},09/07/2010 14:37:28,EDB0714,PC-6103,Connect
{D0T8-G3BF88FF-8766BJVG},09/07/2010 15:44:20,EDB0714,PC-6103,Disconnect
{W9E1-K4OE67KO-3763GSZU},09/08/2010 10:02:25,EDB0714,PC-6103,Connect
{O0Y5-H7TX53UR-3222LMZF},09/08/2010 10:42:46,EDB0714,PC-6103,Disconnect
{C4R1-J2LP08LL-4550KYDN},09/08/2010 11:09:25,EDB0714,PC-6103,Connect
{G1J1-X5WE81EE-6550ZCYN},09/08/2010 11:10:29,EDB0714,PC-6103,Disconnect
{Y0V2-C2JP56CL-6017CJLT},09/08/2010 15:36:24,EDB0714,PC-6103,Connect
{K6F1-O0BZ61LL-6594CFTV},09/08/2010 15:36:45,EDB0714,PC-6103,Disconnect
{J3I1-Y1MC66ZI-7801RSFL},09/09/2010 07:51:36,EDB0714,PC-6103,Connect
{U7Q6-S9RW07AD-0684BTAX},09/09/2010 07:54:09,EDB0714,PC-6103,Disconnect
{T5E1-T9HZ19KV-5783KGHW},09/09/2010 16:42:00,EDB0714,PC-6103,Connect
{H4T9-I4SD31ZQ-3622AJEM},09/09/2010 16:45:43,EDB0714,PC-6103,Disconnect
{Q9C0-G3KW66PU-2578SPJN},09/09/2010 16:45:58,EDB0714,PC-6103,Connect
{W0W3-L3JH49EO-3519WLNO},09/09/2010 16:46:03,EDB0714,PC-6103,Disconnect
{G1M6-D0BS84MI-5765NOJX},09/10/2010 09:16:33,EDB0714,PC-6103,Connect
{S1B1-P5TL80PL-6879FJUY},09/10/2010 09:22:45,EDB0714,PC-6103,Disconnect
{K7Y4-D7XF43EU-7897YJCH},09/10/2010 09:35:59,EDB0714,PC-6103,Connect
{R9V2-U7XC43CM-7639FCKI},09/10/2010 10:08:52,EDB0714,PC-6103,Disconnect
{D7X4-K2ZQ40XM-9880VGBG},09/10/2010 15:52:16,EDB0714,PC-6103,Connect
{M1D0-J4XZ03AY-2981AIQL},09/10/2010 15:55:11,EDB0714,PC-6103,Disconnect
{Y3U2-G3IS05GT-6576GPSC},09/13/2010 08:17:01,EDB0714,PC-6103,Connect
{B6A6-X9EX63WF-5933ROKB},09/13/2010 08:23:09,EDB0714,PC-6103,Disconnect
{F3Q2-F0BV83WG-6896ZESG},09/13/2010 12:59:07,EDB0714,PC-6103,Connect
{I1J7-Z8SU10VZ-3461IFMF},09/13/2010 13:07:04,EDB0714,PC-6103,Disconnect
{T1Z1-N5FS58WD-7455ZQWA},09/13/2010 16:33:06,EDB0714,PC-6103,Connect
{Y9R5-J0XV82FR-2103XGNB},09/13/2010 16:53:45,EDB0714,PC-6103,Disconnect
{X8R1-W9AN36OK-3597SGIQ},09/14/2010 08:18:59,EDB0714,PC-6103,Connect
{T5J6-R6RK94GX-8945TIXU},09/14/2010 09:01:45,EDB0714,PC-6103,Disconnect
{R6Y1-U4OZ85LG-0448YEJC},09/14/2010 09:26:04,EDB0714,PC-6103,Connect
{J8G7-L3PP84GS-0192CCEW},09/14/2010 09:34:03,EDB0714,PC-6103,Disconnect
{D3I0-D0KN21BV-6392AXOX},09/14/2010 14:29:18,EDB0714,PC-6103,Connect
{P8S0-H7IG84RR-7344JBKM},09/14/2010 14:54:21,EDB0714,PC-6103,Disconnect
{O4T2-L7EI93JP-1921JVUM},09/14/2010 15:19:10,EDB0714,PC-6103,Connect
{J1A5-Y9QH85KD-2361UPSL},09/14/2010 15:37:20,EDB0714,PC-6103,Disconnect
{S3E7-I3JM08CX-9347BMHD},09/15/2010 14:01:18,EDB0714,PC-6103,Connect
{W7E0-G0WW31SK-9237AMRP},09/15/2010 14:08:40,EDB0714,PC-6103,Disconnect
{H8A2-H5GT51TZ-6033RUDG},09/16/2010 09:35:10,EDB0714,PC-6103,Connect
{E7F8-V6HY07FX-9704REBN},09/16/2010 09:46:56,EDB0714,PC-6103,Disconnect
{J7A9-P5XT21JS-6417TJVT},09/17/2010 08:40:07,EDB0714,PC-6103,Connect
{Q6C0-G5HF89QA-2759QCUE},09/17/2010 09:10:35,EDB0714,PC-6103,Disconnect
{K3G5-O6TN05WZ-1952NEIS},09/17/2010 10:37:53,EDB0714,PC-6103,Connect
{A6G3-Y8TQ33FT-8097IVOV},09/17/2010 10:41:36,EDB0714,PC-6103,Disconnect
{T5U4-D2FE85BL-9856XFJA},09/21/2010 09:15:59,EDB0714,PC-6103,Connect
{I8J4-G0UZ48AH-9507ZLQV},09/21/2010 10:17:10,EDB0714,PC-6103,Disconnect
{R3G8-V1MR87GF-6661KCVO},09/21/2010 14:48:44,EDB0714,PC-6103,Connect
{Y7N3-P6OU70BZ-5319FVJR},09/21/2010 14:52:07,EDB0714,PC-6103,Disconnect
{G6C3-S4BG99QC-6594ZIXW},09/22/2010 10:05:56,EDB0714,PC-6103,Connect
{A2D8-A6IK25YM-4065ANRC},09/22/2010 10:23:34,EDB0714,PC-6103,Disconnect
{Y6L2-I4EW54PW-8659QKGR},09/22/2010 12:55:21,EDB0714,PC-6103,Connect
{X6B7-J6JG49YZ-4814XRJN},09/22/2010 13:22:23,EDB0714,PC-6103,Disconnect
{T6B3-Q4JU21EY-3341UNRG},09/22/2010 14:29:25,EDB0714,PC-6103,Connect
{L6U4-F1HN46IF-1067LPGF},09/22/2010 15:37:29,EDB0714,PC-6103,Disconnect
{P1K5-U5BW61XT-2795DHTB},09/23/2010 15:02:43,EDB0714,PC-6103,Connect
{Y7N2-T3JP99LR-0311RJTS},09/23/2010 15:16:40,EDB0714,PC-6103,Disconnect
{M9N1-B3IT74SA-1632FABN},09/24/2010 08:11:51,EDB0714,PC-6103,Connect
{Y4K3-W8HA51GF-0265QVBY},09/24/2010 09:26:57,EDB0714,PC-6103,Disconnect
{A2B7-M9YP63XR-6011HPGE},09/24/2010 11:27:33,EDB0714,PC-6103,Connect
{H9C1-U1GA47CT-8428AIKU},09/24/2010 11:57:30,EDB0714,PC-6103,Disconnect
{I2T8-Q8BB88RK-5744XZAM},09/27/2010 08:16:16,EDB0714,PC-6103,Connect
{P7O0-H4DL07KN-1630JVUI},09/27/2010 08:34:06,EDB0714,PC-6103,Disconnect
{L5H6-D4IG07SK-6199BNCT},09/27/2010 09:59:01,EDB0714,PC-6103,Connect
{T4W0-Q4HA61BU-1673TLQA},09/27/2010 10:24:33,EDB0714,PC-6103,Disconnect
{V6G2-U6ND12LW-2535LAZX},09/28/2010 08:01:43,EDB0714,PC-6103,Connect
{G2T8-N9LS21RT-1414RAFB},09/28/2010 08:22:48,EDB0714,PC-6103,Disconnect
{H0L8-O2GD26VF-7648ZYJD},09/28/2010 11:34:18,EDB0714,PC-6103,Connect
{Z0S4-L5PW39EN-7901PAVV},09/28/2010 11:38:35,EDB0714,PC-6103,Disconnect
{W6T6-D1WM86SD-4303CRZV},09/29/2010 08:00:11,EDB0714,PC-6103,Connect
{E9P8-T3WZ79ZD-7853DIFO},09/29/2010 08:27:03,EDB0714,PC-6103,Disconnect
{L0V3-E6GO80FI-3128IQLG},09/29/2010 11:32:53,EDB0714,PC-6103,Connect
{X0Y2-P8QV76QP-4689ORPT},09/29/2010 11:54:41,EDB0714,PC-6103,Disconnect
{D8I5-C3WG60PB-4370ZTKI},09/29/2010 13:20:27,EDB0714,PC-6103,Connect
{I3A6-G6PF32WR-5892SAJF},09/29/2010 14:09:53,EDB0714,PC-6103,Disconnect
{M6O9-F5KM12LO-5126PUFD},10/01/2010 12:12:01,EDB0714,PC-6103,Connect
{U9G4-L2NI58OE-3226SLJK},10/01/2010 12:12:16,EDB0714,PC-6103,Disconnect
{F3Z1-F1ZA58AV-7249OKKK},10/01/2010 13:21:44,EDB0714,PC-6103,Connect
{J7O8-Z4SD80ZJ-2875VDNO},10/01/2010 13:58:39,EDB0714,PC-6103,Disconnect
{C3U4-R3KM70ZV-3724YXWF},10/04/2010 08:32:17,EDB0714,PC-6103,Connect
{D1Y2-O8QM93RM-1302BGIQ},10/04/2010 08:46:11,EDB0714,PC-6103,Disconnect
{M5D1-M4GD44SD-5842OWNT},10/04/2010 09:08:32,EDB0714,PC-6103,Connect
{E9H0-B8TX83JI-4934RQNZ},10/04/2010 09:24:11,EDB0714,PC-6103,Disconnect
{L6Q2-P9CX21SR-8728RAOJ},10/04/2010 15:07:15,EDB0714,PC-6103,Connect
{O8L7-J3DQ36TJ-9061FQQM},10/04/2010 15:32:06,EDB0714,PC-6103,Disconnect
{I5K1-L7RL01SJ-0993JGZN},10/06/2010 12:12:10,EDB0714,PC-6103,Connect
{Z6D6-P6BW80CM-3782LARX},10/06/2010 13:15:18,EDB0714,PC-6103,Disconnect
{V9M7-B4EH23XV-2301EAMB},10/07/2010 11:23:21,EDB0714,PC-6103,Connect
{T3Z7-Z1VT91YD-1909RTLE},10/07/2010 11:25:45,EDB0714,PC-6103,Disconnect
{G4A6-R9XA14UG-5271GZWQ},10/08/2010 10:00:52,EDB0714,PC-6103,Connect
{I4W8-C9FB66ZR-9025IGGY},10/08/2010 10:21:47,EDB0714,PC-6103,Disconnect
{P0J0-D4HA10WX-0197ZTPP},10/11/2010 10:19:08,EDB0714,PC-6103,Connect
{N3M6-S6VU13WF-2784OVLB},10/11/2010 10:38:13,EDB0714,PC-6103,Disconnect
{P3K9-K6WX75EQ-6750NCMO},10/11/2010 12:06:05,EDB0714,PC-6103,Connect
{I5G4-W6PL50CK-3460KFLE},10/11/2010 12:13:54,EDB0714,PC-6103,Disconnect
{P9A0-Z7GO49LU-8519WGEH},10/11/2010 14:42:31,EDB0714,PC-6103,Connect
{B6H4-O7TB13IO-5641JWYY},10/11/2010 15:02:44,EDB0714,PC-6103,Disconnect
{J5S8-O8UX45RE-7040PXVS},10/11/2010 16:07:34,EDB0714,PC-6103,Connect
{G1A8-X0WS32JW-8284ECPY},10/11/2010 16:12:52,EDB0714,PC-6103,Disconnect
{W4L1-D5PR90IA-7229WGEA},10/12/2010 08:28:14,EDB0714,PC-6103,Connect
{T4V0-I5BW71FL-3174GBWP},10/12/2010 09:30:02,EDB0714,PC-6103,Disconnect
{F8V0-I9IF24YN-6683MIMC},10/13/2010 14:07:37,EDB0714,PC-6103,Connect
{M3A2-T2OO77PF-3852HTFI},10/13/2010 14:39:45,EDB0714,PC-6103,Disconnect
{C2N5-Z1TH23MR-0700ENBF},10/14/2010 10:27:24,EDB0714,PC-6103,Connect
{J9H4-Q1CX71IJ-6031LWNG},10/14/2010 11:18:44,EDB0714,PC-6103,Disconnect
{C2J6-G1FX88GB-6610SQLO},10/14/2010 12:03:16,EDB0714,PC-6103,Connect
{B4E9-P5ES57OZ-6575NNFK},10/14/2010 12:05:09,EDB0714,PC-6103,Disconnect
{G2N3-O2ED85OQ-3200THMH},10/15/2010 13:39:42,EDB0714,PC-6103,Connect
{O0P8-S6EN68FQ-8152MNEG},10/15/2010 14:34:03,EDB0714,PC-6103,Disconnect
{K8H1-N6UH86WG-9230GSMX},10/18/2010 08:47:29,EDB0714,PC-6103,Connect
{B7H2-K1HV60VU-4050QAGD},10/18/2010 09:16:10,EDB0714,PC-6103,Disconnect
{C1O7-A3BB37AE-2006ULFW},10/18/2010 11:01:50,EDB0714,PC-6103,Connect
{H8M2-S8KM26EC-6231DVTH},10/18/2010 11:19:14,EDB0714,PC-6103,Disconnect
{D1T4-X4II23AQ-1374OPHH},10/18/2010 12:15:50,EDB0714,PC-6103,Connect
{A6J8-H9AT99TV-5847JKSU},10/18/2010 12:21:09,EDB0714,PC-6103,Disconnect
{A8C5-N7CB01AL-2742DHZD},10/19/2010 12:08:48,EDB0714,PC-6103,Connect
{E8I2-S4XN31LK-0928AMVI},10/19/2010 12:22:58,EDB0714,PC-6103,Disconnect
{I5E3-N0AP62AF-6107PELD},10/19/2010 14:53:42,EDB0714,PC-6103,Connect
{C0B5-Y7FX99EF-0136QIUS},10/19/2010 15:11:16,EDB0714,PC-6103,Disconnect
{J5N6-B1HE48TH-0439TIYO},10/20/2010 14:00:32,EDB0714,PC-6103,Connect
{V8B1-T9VI91YA-2795HKUF},10/20/2010 14:05:56,EDB0714,PC-6103,Disconnect
{H2P7-R8QS66QQ-3800NSHI},10/20/2010 14:15:03,EDB0714,PC-6103,Connect
{P8Y7-C1EH53SP-6833QVZC},10/20/2010 14:44:52,EDB0714,PC-6103,Disconnect
{B5Y3-V1FT02DO-7991VTDI},10/20/2010 15:41:56,EDB0714,PC-6103,Connect
{J0F2-T1FN32YX-6504YZVW},10/20/2010 16:33:17,EDB0714,PC-6103,Disconnect
{O5R6-Y7FC00MK-6859JIOD},10/21/2010 08:54:32,EDB0714,PC-6103,Connect
{B9Q9-E1JC74VR-5146ITQV},10/21/2010 08:58:59,EDB0714,PC-6103,Disconnect
{S3A2-C6CO93KK-4689ZIDK},10/21/2010 12:15:39,EDB0714,PC-6103,Connect
{M5O4-K3ZD69HV-8286DBHP},10/21/2010 12:51:55,EDB0714,PC-6103,Disconnect
{H6A9-I6HP74BV-6039QQUD},10/21/2010 14:55:49,EDB0714,PC-6103,Connect
{V4L1-Z3LI31XV-9922UBRD},10/21/2010 15:38:54,EDB0714,PC-6103,Disconnect
{G9T2-Z6XP75NG-8537RNZF},10/22/2010 11:15:26,EDB0714,PC-6103,Connect
{O0G9-C6ZY70EN-3710JAVC},10/22/2010 11:31:03,EDB0714,PC-6103,Disconnect
{H2C3-Z6VU76LH-9562DDUK},10/22/2010 12:02:57,EDB0714,PC-6103,Connect
{P3O3-W3FT54IZ-1939COHH},10/22/2010 12:07:55,EDB0714,PC-6103,Disconnect
{G2Y3-I2KJ49ZL-3948PRSQ},10/25/2010 10:12:45,EDB0714,PC-6103,Connect
{B3H7-H2JF90AV-8116RKOZ},10/25/2010 10:51:40,EDB0714,PC-6103,Disconnect
{V8O3-L5YQ44SJ-8002EMWO},10/26/2010 11:17:31,EDB0714,PC-6103,Connect
{K1A6-N0BN12HJ-4404XLQI},10/26/2010 11:19:12,EDB0714,PC-6103,Disconnect
{K7F3-X1LL28XF-1074OJAC},10/26/2010 11:22:31,EDB0714,PC-6103,Connect
{D0L0-F7XE62YJ-3724IEED},10/26/2010 11:23:27,EDB0714,PC-6103,Disconnect
{U0A9-N8WV75EZ-1369OPOV},10/27/2010 14:48:15,EDB0714,PC-6103,Connect
{J9H4-U9BT90YC-3887KOZT},10/27/2010 14:50:32,EDB0714,PC-6103,Disconnect
{P5T4-E4ON27KC-6991XMSP},10/29/2010 08:48:50,EDB0714,PC-6103,Connect
{Z0S4-K5GD67KI-8011SOYH},10/29/2010 10:23:01,EDB0714,PC-6103,Disconnect
{M7J8-W9GD71ZS-1854EDFM},10/29/2010 13:55:11,EDB0714,PC-6103,Connect
{N9W7-F7QU51QH-0873RYBO},10/29/2010 14:20:56,EDB0714,PC-6103,Disconnect
{Z0J3-N8LJ63VE-2180KNJL},11/01/2010 09:34:16,EDB0714,PC-6103,Connect
{B4F0-O3JC18FF-0469SLJS},11/01/2010 10:19:04,EDB0714,PC-6103,Disconnect
{G6N3-O2IY90CJ-1149WLZV},11/01/2010 12:31:34,EDB0714,PC-6103,Connect
{Y4E7-Y3SM52MA-0802VKSX},11/01/2010 12:33:10,EDB0714,PC-6103,Disconnect
{D7X3-H5GW18PC-2667DYTR},11/02/2010 13:18:50,EDB0714,PC-6103,Connect
{P9L7-H8DP40YZ-0809ELEQ},11/02/2010 14:00:27,EDB0714,PC-6103,Disconnect
{U8X1-N8TA76HL-3965PLWI},11/03/2010 09:26:01,EDB0714,PC-6103,Connect
{I5R4-E1LX42LA-1408ZHES},11/03/2010 09:43:33,EDB0714,PC-6103,Disconnect
{K1O0-Q4PD96FM-0682LWMJ},11/05/2010 08:48:15,EDB0714,PC-6103,Connect
{H1H0-A1KP91XJ-0622HNHX},11/05/2010 09:02:26,EDB0714,PC-6103,Disconnect
{G6O0-P1FQ06AC-4074NXGH},11/05/2010 14:39:57,EDB0714,PC-6103,Connect
{F6X8-V1GD01AC-2031DODA},11/05/2010 15:25:16,EDB0714,PC-6103,Disconnect
{D8H9-T0SS42BY-1835ONLI},11/08/2010 12:49:04,EDB0714,PC-6103,Connect
{Q1L1-B4DE92XC-9253FOBK},11/08/2010 12:56:18,EDB0714,PC-6103,Disconnect
{T7E2-X6RF88RB-1037SKGH},11/09/2010 09:24:13,EDB0714,PC-6103,Connect
{J0Y8-M9KW91KS-5864LZSV},11/09/2010 09:47:35,EDB0714,PC-6103,Disconnect
{G0Y5-V0UF57IU-9630JZEB},11/10/2010 10:31:57,EDB0714,PC-6103,Connect
{S5P6-N4SL60DZ-4104GZSU},11/10/2010 12:01:00,EDB0714,PC-6103,Disconnect
{U0S6-C6HY48QK-9113XPIQ},11/10/2010 13:08:28,EDB0714,PC-6103,Connect
{M3D1-T9EZ41ZP-6406MUDH},11/10/2010 14:59:07,EDB0714,PC-6103,Disconnect
{E0B8-V7DZ53HL-1849NRMZ},11/12/2010 11:09:23,EDB0714,PC-6103,Connect
{Y4S0-B7ZU22MN-6040ZADA},11/12/2010 11:10:30,EDB0714,PC-6103,Disconnect
{S2D9-K0VR89CT-7365DUKZ},11/12/2010 12:22:02,EDB0714,PC-6103,Connect
{O4J4-O7EZ75KB-6144QMVB},11/12/2010 12:38:24,EDB0714,PC-6103,Disconnect
{A6J1-W5EH08IY-8496GKMQ},11/12/2010 14:44:03,EDB0714,PC-6103,Connect
{G3E2-S6SA87NS-8478AVSJ},11/12/2010 14:54:00,EDB0714,PC-6103,Disconnect
{G3O7-I1AS52CW-6925ZXFZ},11/15/2010 12:18:50,EDB0714,PC-6103,Connect
{X2H3-B1SW12JL-6442QIJL},11/15/2010 12:22:46,EDB0714,PC-6103,Disconnect
{G5K4-V2TP92SE-7743TCFJ},11/15/2010 13:27:52,EDB0714,PC-6103,Connect
{O1K5-P8TG03UM-1755JRFB},11/15/2010 14:26:24,EDB0714,PC-6103,Disconnect
{G8O7-F5BF90FY-4995EXOR},11/15/2010 16:05:54,EDB0714,PC-6103,Connect
{E4E6-Q0WP59BV-3533FHJG},11/15/2010 16:56:32,EDB0714,PC-6103,Disconnect
{K4N5-Y9MY25ZT-2811BQJT},11/16/2010 08:57:03,EDB0714,PC-6103,Connect
{A5I3-G0UK03KB-7771UGDR},11/16/2010 09:30:01,EDB0714,PC-6103,Disconnect
{I6N0-E7YO10EE-4606RGXF},11/16/2010 10:00:31,EDB0714,PC-6103,Connect
{J6F7-U2BB70MA-1032VMDT},11/16/2010 10:33:05,EDB0714,PC-6103,Disconnect
{N2N3-U6EG76QE-6622AMOV},11/16/2010 10:44:34,EDB0714,PC-6103,Connect
{E7O5-F5YC26JL-0703RHWB},11/16/2010 11:02:13,EDB0714,PC-6103,Disconnect
{O1G8-P0FF83FL-5474VVUT},11/16/2010 13:08:31,EDB0714,PC-6103,Connect
{J4D9-X1TN18XW-6324OCYV},11/16/2010 13:51:06,EDB0714,PC-6103,Disconnect
{S5W4-M3KJ76HN-2000TURV},11/16/2010 14:53:01,EDB0714,PC-6103,Connect
{U2T6-B2LN50CH-8475RIPP},11/16/2010 15:02:52,EDB0714,PC-6103,Disconnect
{Z1I4-U1MN67IE-5949MWQC},11/16/2010 15:43:38,EDB0714,PC-6103,Connect
{C1O2-H6DC17EL-6714JEFE},11/16/2010 16:08:46,EDB0714,PC-6103,Disconnect
{G1Z5-T4YC53LO-3109VNEG},11/17/2010 08:12:00,EDB0714,PC-6103,Connect
{Q9I8-P2TZ18XS-2035WYZU},11/17/2010 08:58:34,EDB0714,PC-6103,Disconnect
{C7I7-X7BQ75LB-7943WQEL},11/17/2010 11:15:31,EDB0714,PC-6103,Connect
{A1C1-J4VO72XV-0150MZRF},11/17/2010 11:20:35,EDB0714,PC-6103,Disconnect
{Y3L7-E4PX22EH-2983DZNH},11/18/2010 10:16:56,EDB0714,PC-6103,Connect
{F4E0-P0YD91EL-4719QPIA},11/18/2010 10:21:53,EDB0714,PC-6103,Disconnect
{N7M1-Y1GR45PL-1916BPQE},11/18/2010 10:43:20,EDB0714,PC-6103,Connect
{X2H8-B3GW70TI-4302JWMG},11/18/2010 10:49:55,EDB0714,PC-6103,Disconnect
{O3O9-I3LL88VR-6184YOCX},11/18/2010 12:10:02,EDB0714,PC-6103,Connect
{N1D0-N7UU58BX-5454EOFP},11/18/2010 12:11:52,EDB0714,PC-6103,Disconnect
{N9R2-C3GC86HE-3738TRCY},11/18/2010 13:02:22,EDB0714,PC-6103,Connect
{P6V7-G7FG69KO-7896BEOJ},11/18/2010 13:31:35,EDB0714,PC-6103,Disconnect
{M2L9-J8ZQ59KC-4961TBNX},11/18/2010 13:32:39,EDB0714,PC-6103,Connect
{Q2R8-V1KT78ZU-9223DGSX},11/18/2010 13:43:54,EDB0714,PC-6103,Disconnect
{Q6Z5-W8IH48ZR-1159EVHA},11/18/2010 14:10:39,EDB0714,PC-6103,Connect
{S6Y5-C3ZW50ZG-9851HIYB},11/18/2010 14:15:14,EDB0714,PC-6103,Disconnect
{A5B1-R7HP89TF-4244UXEV},11/19/2010 12:33:19,EDB0714,PC-6103,Connect
{X9U9-A8SL46LY-8603TJWE},11/19/2010 13:19:19,EDB0714,PC-6103,Disconnect
{M4P8-V8DY26OQ-7114ZUYR},11/19/2010 15:38:29,EDB0714,PC-6103,Connect
{H4H5-X6ZX77DI-8938KMON},11/19/2010 16:14:07,EDB0714,PC-6103,Disconnect
{J2G5-F5BU41NG-8746JFTB},11/22/2010 07:57:22,EDB0714,PC-6103,Connect
{I2F0-E8BA16CB-8836RBZI},11/22/2010 08:35:12,EDB0714,PC-6103,Disconnect
{X6O8-H1SY74KS-7655REQN},11/22/2010 10:28:21,EDB0714,PC-6103,Connect
{M9K9-B1GU94LX-1634IJOW},11/22/2010 11:03:08,EDB0714,PC-6103,Disconnect
{W1D5-T5NP33JS-1250QRDS},11/22/2010 11:40:38,EDB0714,PC-6103,Connect
{M4Y3-G9LE60FU-3472DJYW},11/22/2010 11:40:41,EDB0714,PC-6103,Disconnect
{V2Q1-P4EU88WZ-6390SVRQ},11/22/2010 12:01:14,EDB0714,PC-6103,Connect
{F7W6-D0ZI29FG-5430VWPU},11/22/2010 12:19:27,EDB0714,PC-6103,Disconnect
{U3O9-Z3PK27AS-7959EZPM},11/22/2010 12:59:26,EDB0714,PC-6103,Connect
{M8X1-B5OY52QP-4924AIXB},11/22/2010 14:02:12,EDB0714,PC-6103,Disconnect
{X3F6-V9DG34ZU-9560NBQB},11/22/2010 14:04:01,EDB0714,PC-6103,Connect
{J2S1-H2TU68IV-6168BIBD},11/22/2010 14:21:51,EDB0714,PC-6103,Disconnect
{G3L9-Z2XU08FK-7996KYUR},11/23/2010 12:28:01,EDB0714,PC-6103,Connect
{R3R8-K2NY81GE-3354DUFN},11/23/2010 12:36:36,EDB0714,PC-6103,Disconnect
{I1A5-N6OB59XB-3237FZHB},11/23/2010 12:47:27,EDB0714,PC-6103,Connect
{F6L2-E8AV74UZ-4734BMUA},11/23/2010 13:17:09,EDB0714,PC-6103,Disconnect
{S7H2-U9KQ36GX-2386WXKR},11/23/2010 14:42:00,EDB0714,PC-6103,Connect
{O2T7-J6ZL49ES-5445GNSA},11/23/2010 15:06:22,EDB0714,PC-6103,Disconnect
{M9B3-F1SX22BH-4920XHAZ},11/24/2010 08:12:01,EDB0714,PC-6103,Connect
{K5K8-K5WT30XA-0729LXWQ},11/24/2010 08:25:05,EDB0714,PC-6103,Disconnect
{T5A4-J0GU56XN-6396DDGH},11/24/2010 09:17:06,EDB0714,PC-6103,Connect
{Z1O2-O5KB75RC-5785XBOZ},11/24/2010 09:36:03,EDB0714,PC-6103,Disconnect
{I4C3-N4ML43TC-2660OHIF},11/24/2010 11:23:54,EDB0714,PC-6103,Connect
{A6V6-D7ZZ63KI-9954JTJY},11/24/2010 11:38:46,EDB0714,PC-6103,Disconnect
{H9H8-K6HI75DN-0858ZTGK},11/24/2010 11:50:08,EDB0714,PC-6103,Connect
{L2G9-V1SU21WU-6775MOMO},11/24/2010 11:55:53,EDB0714,PC-6103,Disconnect
{L7X8-X9AY77HO-1072MDGC},11/24/2010 15:11:31,EDB0714,PC-6103,Connect
{X3Y0-D4JC01OA-8493XYSR},11/24/2010 15:34:20,EDB0714,PC-6103,Disconnect
{P7I3-D4YR81EY-4801NBTU},11/24/2010 15:56:18,EDB0714,PC-6103,Connect
{K8K4-O0KR36FD-5691LNYN},11/24/2010 15:59:18,EDB0714,PC-6103,Disconnect
{A0Y0-V0FN99PR-7045SMPR},11/29/2010 10:03:29,EDB0714,PC-6103,Connect
{V4L0-S8WM37QA-6870YVVB},11/29/2010 10:06:07,EDB0714,PC-6103,Disconnect
{D9H7-L0OC03EX-3157RTEO},11/29/2010 10:53:34,EDB0714,PC-6103,Connect
{W4M5-R8QH52RL-3071YCJE},11/29/2010 11:12:36,EDB0714,PC-6103,Disconnect
{E0Q0-E3NB21CV-0706DDPE},11/29/2010 13:55:09,EDB0714,PC-6103,Connect
{G4B8-W0YL53LH-1604PTIG},11/29/2010 14:02:23,EDB0714,PC-6103,Disconnect
{L5B5-W5UR79GQ-7667KGQI},11/29/2010 15:20:59,EDB0714,PC-6103,Connect
{J6X7-Q3SV17ZB-5248FDJQ},11/29/2010 15:32:38,EDB0714,PC-6103,Disconnect
{B5U8-T0PH12JT-6989RALC},11/30/2010 08:44:52,EDB0714,PC-6103,Connect
{C7N6-W4EM58UZ-9301IKLL},11/30/2010 09:53:11,EDB0714,PC-6103,Disconnect
{G5Q7-U3OA32KV-9914KBRK},11/30/2010 11:20:30,EDB0714,PC-6103,Connect
{H0C8-C2DT82SU-1537QOZP},11/30/2010 11:45:49,EDB0714,PC-6103,Disconnect
{O3S4-A1QR51CS-0751XOMZ},11/30/2010 13:00:08,EDB0714,PC-6103,Connect
{P9H7-Z3BX12IG-6685DKUA},11/30/2010 13:14:57,EDB0714,PC-6103,Disconnect
{J9A7-V4SY34YH-1617RJSG},11/30/2010 14:01:19,EDB0714,PC-6103,Connect
{E5L0-Q5HN47XJ-7263ZXHI},11/30/2010 14:03:09,EDB0714,PC-6103,Disconnect
{J5M2-D7IU66PT-7427DAKT},11/30/2010 14:19:54,EDB0714,PC-6103,Connect
{I2Z1-A6EI41CZ-6135GARR},11/30/2010 14:58:16,EDB0714,PC-6103,Disconnect
{Y2Q3-K4ZE73IH-3043FSBL},12/01/2010 07:53:51,EDB0714,PC-6103,Connect
{F6Y0-I3AR81ZE-5172SRXA},12/01/2010 08:49:46,EDB0714,PC-6103,Disconnect
{Y1E4-W1YC58RJ-9560GFEC},12/01/2010 10:58:54,EDB0714,PC-6103,Connect
{X0S8-F9GW17PM-5672RXFA},12/01/2010 11:02:04,EDB0714,PC-6103,Disconnect
{F4B3-K2PM41ZF-4912ROVC},12/01/2010 12:38:48,EDB0714,PC-6103,Connect
{E5D9-P5QQ85PY-3595SMIU},12/01/2010 13:13:01,EDB0714,PC-6103,Disconnect
{T2B1-J3KY50IM-7422JPLG},12/01/2010 13:24:34,EDB0714,PC-6103,Connect
{O7L0-C1IV33XP-8858KDIC},12/01/2010 13:28:45,EDB0714,PC-6103,Disconnect
{G7D6-R0AP16AM-6298DXBG},12/02/2010 12:04:05,EDB0714,PC-6103,Connect
{N1F3-G1DP72YA-5083JFSQ},12/02/2010 12:05:10,EDB0714,PC-6103,Disconnect
{W0F1-K5CE66CF-9706HSXM},12/02/2010 12:31:20,EDB0714,PC-6103,Connect
{F9Y3-F4RH31DC-5454IOAC},12/02/2010 12:43:35,EDB0714,PC-6103,Disconnect
{I2V1-K7WT89PF-0224CKGL},12/02/2010 13:46:57,EDB0714,PC-6103,Connect
{H8V8-Y7QV57SF-1444ADMP},12/02/2010 14:14:41,EDB0714,PC-6103,Disconnect
{U8B7-I6VS18WV-9965MMQB},12/02/2010 14:47:28,EDB0714,PC-6103,Connect
{G0I8-X0JK26WQ-9123QAJT},12/02/2010 14:52:34,EDB0714,PC-6103,Disconnect
{W0O5-R2YA10SC-3078JRRE},12/03/2010 08:03:33,EDB0714,PC-6103,Connect
{Q6D2-Y7OH79RB-8738BTDS},12/03/2010 08:15:33,EDB0714,PC-6103,Disconnect
{G9O2-F4HI48PX-6613YOEV},12/03/2010 10:16:10,EDB0714,PC-6103,Connect
{H0Z3-P3NC07DO-4595CEIP},12/03/2010 10:24:43,EDB0714,PC-6103,Disconnect
{L1B5-O6GI78DT-8570ZRJD},12/03/2010 12:09:19,EDB0714,PC-6103,Connect
{C2G0-R1VX22ZF-6976RLCK},12/03/2010 12:20:20,EDB0714,PC-6103,Disconnect
{T1U1-O7GK53MW-5512HLRL},12/03/2010 13:54:20,EDB0714,PC-6103,Connect
{U5V5-K7BL49LG-9766WOJZ},12/03/2010 14:07:57,EDB0714,PC-6103,Disconnect
{L5D7-U4HU25WH-6718CJOT},12/03/2010 15:40:39,EDB0714,PC-6103,Connect
{E4J7-V4DB46YL-2807UNKX},12/03/2010 16:43:53,EDB0714,PC-6103,Disconnect
{G1N1-V7ED75KY-7202NKOW},12/06/2010 11:16:02,EDB0714,PC-6103,Connect
{T6M7-S7YB52TK-0186ZHTX},12/06/2010 12:19:12,EDB0714,PC-6103,Disconnect
{W7O6-D6EL30DV-4677WJXR},12/06/2010 16:08:45,EDB0714,PC-6103,Connect
{D2M4-C8AT54RW-5345VGHN},12/06/2010 16:30:46,EDB0714,PC-6103,Disconnect
{C5N8-C7NS26ZW-4863HXXT},12/07/2010 10:27:55,EDB0714,PC-6103,Connect
{F2F1-C6BC43TH-7296KSAF},12/07/2010 10:48:00,EDB0714,PC-6103,Disconnect
{F2F0-D4BL23QD-7539ANIL},12/07/2010 10:49:08,EDB0714,PC-6103,Connect
{C7X9-G5AA57ZS-2892JIWJ},12/07/2010 11:28:18,EDB0714,PC-6103,Disconnect
{M1V8-G6UG37SD-1381ERCN},12/07/2010 11:41:23,EDB0714,PC-6103,Connect
{U1Z9-F6DG14BG-8893OWND},12/07/2010 11:42:13,EDB0714,PC-6103,Disconnect
{O7I3-H7GK40OP-8746WHCJ},12/08/2010 10:42:18,EDB0714,PC-6103,Connect
{B7P8-F1PH86AQ-4154IVTZ},12/08/2010 11:28:29,EDB0714,PC-6103,Disconnect
{V0O1-P9KF30SA-4964TALN},12/08/2010 12:57:34,EDB0714,PC-6103,Connect
{Z2Q4-V0GX93PB-3058DLFD},12/08/2010 13:09:12,EDB0714,PC-6103,Disconnect
{R0D0-H3RY39KI-5399AVJC},12/09/2010 09:25:41,EDB0714,PC-6103,Connect
{N8A0-F4PA98FY-5698JLPO},12/09/2010 09:53:30,EDB0714,PC-6103,Disconnect
{A3C0-M2FN34NB-1024VZDA},12/09/2010 10:46:01,EDB0714,PC-6103,Connect
{H2R7-K4PZ83RY-1173BRWK},12/09/2010 12:20:49,EDB0714,PC-6103,Disconnect
{P6T8-T6TJ15BQ-1531FHBW},12/09/2010 14:31:54,EDB0714,PC-6103,Connect
{O0F3-X4BZ28QJ-4517RXFV},12/09/2010 14:38:06,EDB0714,PC-6103,Disconnect
{G7W5-R5VC51XA-3042ECFF},12/10/2010 09:19:02,EDB0714,PC-6103,Connect
{N7O5-Z5OT59BA-5965NCNR},12/10/2010 09:28:04,EDB0714,PC-6103,Disconnect
{X6O1-I6KE00ZW-7520JKVH},12/13/2010 08:39:41,EDB0714,PC-6103,Connect
{D8K5-R3JN88TD-5837QDJI},12/13/2010 09:18:20,EDB0714,PC-6103,Disconnect
{G9E1-Q0UU84YL-4288YTPM},12/13/2010 13:55:35,EDB0714,PC-6103,Connect
{A2H0-R7EI88VP-7059JJXL},12/13/2010 14:02:15,EDB0714,PC-6103,Disconnect
{A5P9-N4AO32MC-1958RQSP},12/13/2010 15:52:48,EDB0714,PC-6103,Connect
{A8X8-M3PS86YN-1476LOSH},12/13/2010 16:25:53,EDB0714,PC-6103,Disconnect
{B9Z3-C8FU04NP-0369ABJV},12/14/2010 12:58:47,EDB0714,PC-6103,Connect
{Z0I0-B5QA15QU-7418QKEJ},12/14/2010 13:08:48,EDB0714,PC-6103,Disconnect
{Q1D9-O2GV07FK-1549LCJQ},12/14/2010 13:11:43,EDB0714,PC-6103,Connect
{D7C9-M1FC02EG-9053GABU},12/14/2010 13:22:09,EDB0714,PC-6103,Disconnect
{T7Z1-W6HZ83UQ-5662ETRW},12/14/2010 13:25:06,EDB0714,PC-6103,Connect
{Z9T5-V6QR96UA-7941JPGN},12/14/2010 13:25:26,EDB0714,PC-6103,Disconnect
{O7R2-H2TT51BY-1157TYGI},12/14/2010 13:29:18,EDB0714,PC-6103,Connect
{W2S3-M3DH44PR-0976ATPJ},12/14/2010 13:29:42,EDB0714,PC-6103,Disconnect
{T9P6-P1IR34ZJ-5243NKYT},12/14/2010 13:38:58,EDB0714,PC-6103,Connect
{J1E6-I4DR07FA-7073GDTP},12/14/2010 13:56:33,EDB0714,PC-6103,Disconnect
{Z8K7-O1KW44YP-9463ITRC},12/14/2010 14:09:56,EDB0714,PC-6103,Connect
{R9S9-Y2AY33KM-4107LSEP},12/14/2010 14:17:02,EDB0714,PC-6103,Disconnect
{G8T6-T8QQ20VA-4541WOIX},12/15/2010 12:39:41,EDB0714,PC-6103,Connect
{Q0M2-H4LW60KN-7732TXXD},12/15/2010 13:04:08,EDB0714,PC-6103,Disconnect
{L4O8-P0BA25DJ-5099CXOU},12/15/2010 15:56:04,EDB0714,PC-6103,Connect
{K9Q5-K6XV58GC-5978MKUQ},12/15/2010 15:59:32,EDB0714,PC-6103,Disconnect
