{K6M2-B0OD32GJ-7886BHKV},01/05/2010 07:24:42,TNM0961,PC-2030,Connect
{R9X1-K9RE28KG-4808PNXV},01/05/2010 08:06:54,TNM0961,PC-2030,Disconnect
{F1F2-V1OW76CJ-5980EHLE},01/05/2010 14:22:50,TNM0961,PC-2030,Connect
{T8A8-I7RK12JR-0256TXIB},01/05/2010 14:22:55,TNM0961,PC-2030,Disconnect
{C4M5-S9QM80YB-9607REZV},01/06/2010 09:37:32,TNM0961,PC-2030,Connect
{Z9Q7-Y5AH49FI-0864MFNN},01/06/2010 10:26:00,TNM0961,PC-2030,Disconnect
{U2T5-Z2BN41AC-7190MDSD},01/07/2010 08:38:29,TNM0961,PC-2030,Connect
{R0J9-F2AG38QH-2928RRVX},01/07/2010 08:41:29,TNM0961,PC-2030,Disconnect
{Z0D5-U2OF75AD-4524NVWV},01/07/2010 08:51:55,TNM0961,PC-2030,Connect
{N8S2-R3HD24JI-6452QZVW},01/07/2010 09:30:25,TNM0961,PC-2030,Disconnect
{K6N8-X6VY78TL-4579OYZR},01/08/2010 12:48:48,TNM0961,PC-2030,Connect
{Q6Q3-D2WQ61DZ-2469FBLI},01/08/2010 13:22:08,TNM0961,PC-2030,Disconnect
{Q9R2-K9YD00ZV-8406GYVZ},01/08/2010 14:16:05,TNM0961,PC-2030,Connect
{R1D9-J6YE25SK-8243DVPI},01/08/2010 15:17:09,TNM0961,PC-2030,Disconnect
{K3R6-I1ZY70QC-9506NUXG},01/11/2010 07:27:42,TNM0961,PC-2030,Connect
{S8L6-D1EF49GL-4013SUDJ},01/11/2010 08:09:50,TNM0961,PC-2030,Disconnect
{F9H2-B2QO94XX-2581JRZZ},01/11/2010 08:25:23,TNM0961,PC-2030,Connect
{Z1U1-H0CH65EE-7054PPVA},01/11/2010 09:29:21,TNM0961,PC-2030,Disconnect
{T9Q3-D6LQ97EC-6339KQAS},01/11/2010 12:43:53,TNM0961,PC-2030,Connect
{O3Q3-R9DO77BA-2099PXLT},01/11/2010 12:53:38,TNM0961,PC-2030,Disconnect
{C3E6-Y3IF05VU-7704UBIB},01/11/2010 14:03:36,TNM0961,PC-2030,Connect
{N0R8-E1KF06FL-4197HUOR},01/11/2010 14:31:38,TNM0961,PC-2030,Disconnect
{D7N0-D2OB54JJ-7107PFLA},01/12/2010 12:07:35,TNM0961,PC-2030,Connect
{A4W0-X7LK91QB-6696BVLX},01/12/2010 12:44:31,TNM0961,PC-2030,Disconnect
{Y6I2-E5ZX45JB-4963HAUZ},01/12/2010 13:24:46,TNM0961,PC-2030,Connect
{V8J3-Z1LL03IL-1853MUKC},01/12/2010 13:49:56,TNM0961,PC-2030,Disconnect
{W3M7-E8XY61FO-7977UXEV},01/13/2010 07:47:08,TNM0961,PC-2030,Connect
{J7G3-E5GI52VT-5955HIAO},01/13/2010 08:30:37,TNM0961,PC-2030,Disconnect
{Z5R6-E5SF69EQ-0848VGVJ},01/13/2010 13:15:34,TNM0961,PC-2030,Connect
{I5B7-I0WN18HT-7707UFTO},01/13/2010 14:11:12,TNM0961,PC-2030,Disconnect
{J5W5-W0GB82JM-6729AKME},01/13/2010 14:50:10,TNM0961,PC-2030,Connect
{Q8E9-H2EK89VR-7245YXOZ},01/13/2010 14:59:48,TNM0961,PC-2030,Disconnect
{E0U3-E8EG47IA-7944TBYO},01/14/2010 09:56:40,TNM0961,PC-2030,Connect
{J0D0-H2RE69ZC-2152FWJO},01/14/2010 10:51:27,TNM0961,PC-2030,Disconnect
{D2N9-A2FK55RE-8552SFEE},01/14/2010 11:25:46,TNM0961,PC-2030,Connect
{B4D2-P0TB60RQ-5977AOGT},01/14/2010 11:26:01,TNM0961,PC-2030,Disconnect
{J3K5-G2RV56EX-8996HSER},01/14/2010 13:06:38,TNM0961,PC-2030,Connect
{X6Y1-W9TL19QU-6432OXJR},01/14/2010 13:32:52,TNM0961,PC-2030,Disconnect
{J4N6-S1EX74KH-3654DMYZ},01/15/2010 12:04:47,TNM0961,PC-2030,Connect
{H9P3-T0SU77FI-8984LYLV},01/15/2010 12:39:39,TNM0961,PC-2030,Disconnect
{R4W2-V5IV85LY-8411GTAR},01/15/2010 14:46:54,TNM0961,PC-2030,Connect
{Y8X0-J8AC18AK-5565JMNI},01/15/2010 14:59:58,TNM0961,PC-2030,Disconnect
{O0H6-P8RJ32XG-7800SWBP},01/18/2010 10:15:15,TNM0961,PC-2030,Connect
{U0X3-N9KR35ZY-9893JUPF},01/18/2010 10:16:38,TNM0961,PC-2030,Disconnect
{T2B7-M1UT95FZ-9679LZET},01/18/2010 11:58:07,TNM0961,PC-2030,Connect
{K6N4-D4PL96ZC-8487FZYJ},01/18/2010 12:21:27,TNM0961,PC-2030,Disconnect
{O1U5-N2AX42GN-8618BFHR},01/18/2010 14:11:02,TNM0961,PC-2030,Connect
{Q7V9-C0OO35KS-8859OYXS},01/18/2010 14:46:11,TNM0961,PC-2030,Disconnect
{A9I0-L7AU78KK-5325UXCG},01/19/2010 07:32:14,TNM0961,PC-2030,Connect
{Y2T3-X7XQ38OW-5466WOQN},01/19/2010 07:45:18,TNM0961,PC-2030,Disconnect
{T6W8-G8PX41OV-4759TQEY},01/19/2010 08:01:11,TNM0961,PC-2030,Connect
{I8I2-M4FH66LL-9467WPLM},01/19/2010 08:10:03,TNM0961,PC-2030,Disconnect
{S7A3-Z5YZ14WI-5637FDOQ},01/20/2010 12:07:40,TNM0961,PC-2030,Connect
{N3O5-O9NG76RL-6119XNRE},01/20/2010 13:25:42,TNM0961,PC-2030,Disconnect
{H5R2-V9FJ55GH-0849AUSS},01/20/2010 15:06:07,TNM0961,PC-2030,Connect
{G4B3-J0XV01IY-0614JJIN},01/20/2010 15:16:01,TNM0961,PC-2030,Disconnect
{B1G8-M0LD09IZ-5363FOJO},01/21/2010 08:50:34,TNM0961,PC-2030,Connect
{L7S2-L4HQ02UL-7583VBPW},01/21/2010 09:14:59,TNM0961,PC-2030,Disconnect
{Y0D0-L4QU23AQ-6724OWLX},01/21/2010 13:00:52,TNM0961,PC-2030,Connect
{V2P3-Z9XQ04RA-1290DCNH},01/21/2010 13:02:17,TNM0961,PC-2030,Disconnect
{H7W6-Q3FH95DM-2952NDBB},01/21/2010 15:40:08,TNM0961,PC-2030,Connect
{W4O8-W4MP15VX-2671BWRU},01/21/2010 15:41:37,TNM0961,PC-2030,Disconnect
{V9F5-F1RC16MU-6380QIPK},01/22/2010 15:06:07,TNM0961,PC-2030,Connect
{D2T3-E4BK65QZ-2051NZNM},01/22/2010 15:35:48,TNM0961,PC-2030,Disconnect
{H8T8-T2LH13RW-1131RGEM},01/25/2010 10:35:20,TNM0961,PC-2030,Connect
{Z4O7-L9FI56UH-6098TJLE},01/25/2010 11:39:41,TNM0961,PC-2030,Disconnect
{D7F8-O0HT62OZ-8850ARHE},01/25/2010 13:43:48,TNM0961,PC-2030,Connect
{I4M0-E4IC69CZ-4808EGMO},01/25/2010 14:00:28,TNM0961,PC-2030,Disconnect
{L6N6-E1GH43ZP-8152NTSX},01/26/2010 08:02:00,TNM0961,PC-2030,Connect
{B9V9-M6HM24KT-6672YYKC},01/26/2010 08:25:16,TNM0961,PC-2030,Disconnect
{G4M5-Q8YH26DW-1954ETQU},01/26/2010 08:25:26,TNM0961,PC-2030,Connect
{X3K2-P7MV72PP-1279ATWS},01/26/2010 08:35:50,TNM0961,PC-2030,Disconnect
{P1W1-Z2DQ42PH-0838IWKU},01/26/2010 13:19:28,TNM0961,PC-2030,Connect
{G6I5-F8DB27SJ-8844TBWG},01/26/2010 13:22:57,TNM0961,PC-2030,Disconnect
{K7K2-A7DK11LU-2078BUOG},01/27/2010 08:11:00,TNM0961,PC-2030,Connect
{F4Y0-Q6EN59PW-1186GQLN},01/27/2010 10:15:07,TNM0961,PC-2030,Disconnect
{N4D5-F9YM54SW-8946COMU},01/27/2010 12:32:52,TNM0961,PC-2030,Connect
{E5D5-H2YQ28RO-6078TSEE},01/27/2010 13:59:56,TNM0961,PC-2030,Disconnect
{W7G5-C3PV45CH-9371ZPTR},01/28/2010 08:45:48,TNM0961,PC-2030,Connect
{I1Q5-C6WX82KN-4770HBUT},01/28/2010 08:55:19,TNM0961,PC-2030,Disconnect
{D3U8-L6TR13HJ-5058UCKU},01/28/2010 11:28:52,TNM0961,PC-2030,Connect
{V6P2-V1HW55NF-2822MMMG},01/28/2010 11:35:55,TNM0961,PC-2030,Disconnect
{N7H9-B2JY00LB-3459ZRTP},01/28/2010 14:30:31,TNM0961,PC-2030,Connect
{H0I9-U9NC16FI-3778VSZM},01/28/2010 14:49:17,TNM0961,PC-2030,Disconnect
{K9M8-T4JE71DY-2859SKCE},01/29/2010 10:15:44,TNM0961,PC-2030,Connect
{W1C9-N2YL68OO-5668ZBXE},01/29/2010 10:18:32,TNM0961,PC-2030,Disconnect
{L3T3-I9GI75AA-5910SJTG},02/01/2010 08:20:51,TNM0961,PC-2030,Connect
{F0H2-T3EG72QE-2448BOYL},02/01/2010 08:23:07,TNM0961,PC-2030,Disconnect
{W3H4-K8MK57QU-3759DAUY},02/01/2010 09:05:51,TNM0961,PC-2030,Connect
{L1B4-J3UF93WD-1983TDUE},02/01/2010 09:23:37,TNM0961,PC-2030,Disconnect
{P2K3-X1LA71KZ-8043MZVU},02/02/2010 07:55:35,TNM0961,PC-2030,Connect
{W2W0-G9HR88HC-4967WLLX},02/02/2010 08:16:56,TNM0961,PC-2030,Disconnect
{H7I2-W9XS53MB-2113VUKO},02/03/2010 08:56:08,TNM0961,PC-2030,Connect
{G9R1-R1HU03PB-6858PNCI},02/03/2010 08:57:26,TNM0961,PC-2030,Disconnect
{E7O9-N9QT48QI-5822KFEC},02/03/2010 12:56:38,TNM0961,PC-2030,Connect
{Z9N4-K5DY79SA-2774GDKC},02/03/2010 12:59:00,TNM0961,PC-2030,Disconnect
{I6Z5-C1BF00CE-1679OCFT},02/04/2010 11:09:47,TNM0961,PC-2030,Connect
{P3W3-T0XN88YK-9527ADGD},02/04/2010 11:27:45,TNM0961,PC-2030,Disconnect
{Y6C1-W8JP88BO-3963HIUC},02/05/2010 12:47:27,TNM0961,PC-2030,Connect
{J8F8-A8SW44FA-6001QJTG},02/05/2010 12:47:45,TNM0961,PC-2030,Disconnect
{L2D6-R0XG13XJ-1252EKAN},02/05/2010 12:58:36,TNM0961,PC-2030,Connect
{V0X6-Q8KK28WR-7651NSMT},02/05/2010 13:23:09,TNM0961,PC-2030,Disconnect
{C3T2-M0PE62PW-1106KOAW},02/08/2010 07:35:29,TNM0961,PC-2030,Connect
{Y0I5-B4LJ53ZE-3638GZIB},02/08/2010 08:09:25,TNM0961,PC-2030,Disconnect
{W1C3-G6GW50XU-3598OZOC},02/08/2010 10:56:51,TNM0961,PC-2030,Connect
{S8N6-W8PJ53YM-8175ZDCW},02/08/2010 12:05:28,TNM0961,PC-2030,Disconnect
{K1R8-D0FQ95FL-5258FDCU},02/08/2010 12:32:15,TNM0961,PC-2030,Connect
{N4P0-X6LF60XF-0818NNMK},02/08/2010 12:38:24,TNM0961,PC-2030,Disconnect
{L2Y1-C8ZI62AZ-1866ZMIF},02/09/2010 12:44:30,TNM0961,PC-2030,Connect
{E9E2-T1EE91ZS-1960HIEZ},02/09/2010 15:33:58,TNM0961,PC-2030,Connect
{J0E9-T0QF59RR-0720VMTB},02/09/2010 15:52:59,TNM0961,PC-2030,Disconnect
{E6C4-S3FA54AM-7777EOIS},02/10/2010 09:21:23,TNM0961,PC-2030,Connect
{D7M8-V7IG99ZV-5413JIJB},02/10/2010 09:56:45,TNM0961,PC-2030,Disconnect
{L8W5-Q9LJ64XF-8053MBVD},02/10/2010 10:59:26,TNM0961,PC-2030,Connect
{D5B9-F3RZ12OF-5637EZLA},02/10/2010 11:04:00,TNM0961,PC-2030,Disconnect
{K4R7-B2DR81WU-2963HENE},02/12/2010 11:04:51,TNM0961,PC-2030,Connect
{W0F6-Q8NF81ND-3810RCYO},02/12/2010 11:31:15,TNM0961,PC-2030,Disconnect
{M3Z8-H4DY34SR-6436PRNI},02/12/2010 15:37:25,TNM0961,PC-2030,Connect
{H2M2-N9HA26GQ-1158OYNI},02/12/2010 15:44:34,TNM0961,PC-2030,Disconnect
{Y0D8-K5CS78VB-2724EZEX},02/15/2010 10:09:06,TNM0961,PC-2030,Connect
{D3K3-K3NH60ZQ-1516UCUY},02/15/2010 10:17:03,TNM0961,PC-2030,Disconnect
{N6U4-F3PV37IK-3405MTTH},02/15/2010 10:43:16,TNM0961,PC-2030,Connect
{W6F9-N4KB30BM-7315GIJK},02/15/2010 11:07:26,TNM0961,PC-2030,Disconnect
{Y2Y8-I7YM19IY-4449BKUY},02/15/2010 14:23:39,TNM0961,PC-2030,Connect
{Y2J8-O5ZN97PC-0817RAUZ},02/15/2010 14:55:22,TNM0961,PC-2030,Disconnect
{X0H6-S6HL88KX-6442QVDB},02/15/2010 15:33:02,TNM0961,PC-2030,Connect
{F3A0-Y2ZY99AT-1900CYLC},02/15/2010 15:49:57,TNM0961,PC-2030,Disconnect
{G5L1-L6CU93QX-7069BWRR},02/16/2010 15:00:59,TNM0961,PC-2030,Connect
{K0H8-P2OZ12UM-3477XVRI},02/16/2010 15:07:43,TNM0961,PC-2030,Disconnect
{M1I1-N6XF83NS-5581FBZM},02/17/2010 11:21:59,TNM0961,PC-2030,Connect
{E9L7-B9UB78XD-5836LICT},02/17/2010 11:25:15,TNM0961,PC-2030,Disconnect
{B8A3-P8JC97SJ-5740DTNS},02/18/2010 15:46:30,TNM0961,PC-2030,Connect
{D6K1-E8VQ12BP-6958ZXAS},02/18/2010 16:14:27,TNM0961,PC-2030,Disconnect
{L9Z1-X9VY95PQ-1021VFRK},02/19/2010 14:56:38,TNM0961,PC-2030,Connect
{X7B1-K0UP61MA-5760TQAZ},02/19/2010 15:18:38,TNM0961,PC-2030,Disconnect
{P4S3-S7UV20KG-0107DHSC},02/22/2010 08:03:43,TNM0961,PC-2030,Connect
{H0X0-H8CU63SO-7233GMPV},02/22/2010 08:16:32,TNM0961,PC-2030,Disconnect
{W3A0-T6EB10MG-3799ORTQ},02/22/2010 08:44:52,TNM0961,PC-2030,Connect
{R2K1-T6IU57MY-5132HALC},02/22/2010 08:58:50,TNM0961,PC-2030,Disconnect
{D8R5-N4FM02AI-3011OYOG},02/22/2010 15:56:24,TNM0961,PC-2030,Connect
{L1Z4-J7LC38JN-1964NPIB},02/22/2010 16:21:20,TNM0961,PC-2030,Disconnect
{U6L3-R3AC30TW-5403PLMQ},02/23/2010 09:09:10,TNM0961,PC-2030,Connect
{Z5C8-O8HF88HM-0477RZMY},02/23/2010 10:04:24,TNM0961,PC-2030,Disconnect
{Y8L8-J6GI02UC-1213GDYK},02/24/2010 07:47:07,TNM0961,PC-2030,Connect
{G6M0-A7HW18WG-2178ECTX},02/24/2010 07:48:34,TNM0961,PC-2030,Disconnect
{Z4R8-N9OW49NO-3364FLSB},02/24/2010 08:58:50,TNM0961,PC-2030,Connect
{H9F9-J7FA06CJ-0880RERV},02/24/2010 09:12:32,TNM0961,PC-2030,Disconnect
{W1H1-S0QH11XE-0821ZHLF},02/24/2010 10:20:45,TNM0961,PC-2030,Connect
{O8O8-W4ZH53QP-3670SZQG},02/24/2010 10:34:19,TNM0961,PC-2030,Disconnect
{M0X0-F4SP87FY-0341DZEK},02/25/2010 08:32:59,TNM0961,PC-2030,Connect
{A6G4-Z9KB98YV-6717NFKN},02/25/2010 08:36:30,TNM0961,PC-2030,Disconnect
{X3A1-F5NF49WW-8979KPPC},02/25/2010 08:39:56,TNM0961,PC-2030,Connect
{K8I8-L6TV84AB-3285JCNZ},02/25/2010 08:43:57,TNM0961,PC-2030,Disconnect
{W2Z2-H4BD39HQ-7498SNAX},02/26/2010 09:50:49,TNM0961,PC-2030,Connect
{A8J6-B1KN13GE-4921PVQA},02/26/2010 10:33:21,TNM0961,PC-2030,Disconnect
{B5Z3-R1LB41KU-4488KIPC},03/01/2010 12:58:58,TNM0961,PC-2030,Connect
{F0C4-T9RN14RV-4075UZDY},03/01/2010 13:04:19,TNM0961,PC-2030,Disconnect
{N1B3-R5VO71PK-2070XVSS},03/02/2010 07:38:05,TNM0961,PC-2030,Connect
{W8G3-J9NE02IC-1134JFRE},03/02/2010 09:20:49,TNM0961,PC-2030,Disconnect
{P6X5-Y6LO45DL-4332GJRZ},03/02/2010 09:28:29,TNM0961,PC-2030,Connect
{Y4Q3-W0PI77CF-3445KYTO},03/02/2010 09:30:06,TNM0961,PC-2030,Disconnect
{F8N2-L3YX17JH-9505BBOB},03/04/2010 09:19:28,TNM0961,PC-2030,Connect
{R6A4-W7WW46SR-3579WUSX},03/04/2010 10:50:09,TNM0961,PC-2030,Disconnect
{B9T7-P9KZ98XE-9045SRXA},03/05/2010 12:00:28,TNM0961,PC-2030,Connect
{D1A3-X1ZP64VO-5207JWQF},03/05/2010 12:11:35,TNM0961,PC-2030,Disconnect
{T5Y0-Q0WK13UJ-3114RHFG},03/05/2010 15:13:41,TNM0961,PC-2030,Connect
{C3Q0-W4BD91RQ-1074UHCF},03/05/2010 15:26:21,TNM0961,PC-2030,Disconnect
{U0X4-Q4AU31TR-3516YIIQ},03/05/2010 15:53:15,TNM0961,PC-2030,Connect
{Z8Z2-N0VD90TP-5617JVMN},03/05/2010 16:09:38,TNM0961,PC-2030,Disconnect
{J6D7-X2DW30NQ-2866TAPG},03/08/2010 12:27:32,TNM0961,PC-2030,Connect
{K7D9-L4AT11YR-7923NNRK},03/08/2010 12:33:03,TNM0961,PC-2030,Disconnect
{J2L6-U6LT10NU-1243IMES},03/08/2010 15:04:07,TNM0961,PC-2030,Connect
{Q4M3-X5HH07XV-0346RATC},03/08/2010 15:04:38,TNM0961,PC-2030,Disconnect
{T0T9-N5FV15TV-1569OINM},03/09/2010 07:42:06,TNM0961,PC-2030,Connect
{W0H8-M6PS13WW-6130YLKU},03/09/2010 08:51:05,TNM0961,PC-2030,Disconnect
{Y6R6-W1CT26UC-8300QALB},03/09/2010 09:20:01,TNM0961,PC-2030,Connect
{K3G6-D1YK00PJ-6439TQWI},03/09/2010 11:28:24,TNM0961,PC-2030,Disconnect
{R4N0-O9YV72OR-5232YTAH},03/09/2010 12:41:25,TNM0961,PC-2030,Connect
{A4F7-Q8PM67LD-1105DBMH},03/09/2010 13:12:26,TNM0961,PC-2030,Disconnect
{U2Y8-Z5ET64LQ-3981SFAM},03/10/2010 07:58:49,TNM0961,PC-2030,Connect
{N7V8-N9WW56TQ-7850FHYS},03/10/2010 07:59:46,TNM0961,PC-2030,Disconnect
{Y5D8-X0LH90PR-7393EXOQ},03/10/2010 08:00:45,TNM0961,PC-2030,Connect
{S8N7-Q2WF46EP-5855XVSP},03/10/2010 08:02:40,TNM0961,PC-2030,Disconnect
{Y8X6-I3RS61HQ-8147DSUV},03/11/2010 08:28:46,TNM0961,PC-2030,Connect
{M2E9-B0IU73ES-5941BFPJ},03/11/2010 08:40:20,TNM0961,PC-2030,Disconnect
{L9A0-V7RB19HY-3085SBSK},03/11/2010 11:55:35,TNM0961,PC-2030,Connect
{A4A9-Z1VD02BI-3593YMIB},03/11/2010 11:57:01,TNM0961,PC-2030,Disconnect
{U8D7-H9HT48RW-2755VVVG},03/11/2010 14:28:45,TNM0961,PC-2030,Connect
{N6W4-F8MI63RS-3653NLJF},03/11/2010 14:45:38,TNM0961,PC-2030,Disconnect
{G4U7-W1RT85WI-0902GPBK},03/11/2010 15:32:00,TNM0961,PC-2030,Connect
{G3L5-T0JZ90WB-7286ZSAP},03/11/2010 16:13:15,TNM0961,PC-2030,Disconnect
{F5E3-K4SO02TF-6724YMYP},03/12/2010 10:33:46,TNM0961,PC-2030,Connect
{H6O0-L2MA21VU-1982EXSO},03/12/2010 12:13:46,TNM0961,PC-2030,Disconnect
{E7T3-S2AL30AM-5557UFQW},03/15/2010 07:14:57,TNM0961,PC-2030,Connect
{Q3P6-P5EM72DM-6585QQSI},03/15/2010 07:42:08,TNM0961,PC-2030,Disconnect
{W4M9-X3JE09RN-4953KNOC},03/15/2010 12:56:28,TNM0961,PC-2030,Connect
{A8M2-Y3KO72RI-6237UKJP},03/15/2010 12:59:06,TNM0961,PC-2030,Disconnect
{N0G5-U6AJ77UV-2750LTME},03/15/2010 15:04:27,TNM0961,PC-2030,Connect
{D9L0-O2XE70UW-6244ZNUN},03/15/2010 15:29:23,TNM0961,PC-2030,Disconnect
{N0Y7-R9FE81YW-7609KTHY},03/16/2010 07:22:37,TNM0961,PC-2030,Connect
{U1I8-B8NF87GA-3358JAFK},03/16/2010 07:26:18,TNM0961,PC-2030,Disconnect
{M4V0-A3MH79XL-3524WHOV},03/16/2010 12:39:27,TNM0961,PC-2030,Connect
{S0Z1-K4BX97ML-2713BTCB},03/16/2010 12:40:58,TNM0961,PC-2030,Disconnect
{A0Z1-U2UA91GO-8300HXYS},03/16/2010 15:27:30,TNM0961,PC-2030,Connect
{X5M1-Q7DR97XU-3142YRTD},03/16/2010 15:55:40,TNM0961,PC-2030,Disconnect
{O3K5-L0CD06GI-8262VDZL},03/19/2010 10:15:30,TNM0961,PC-2030,Connect
{I6P5-A0HY27EN-0487BUHW},03/19/2010 10:44:52,TNM0961,PC-2030,Disconnect
{O5X7-I9LA17FU-4182BEAC},03/19/2010 13:37:39,TNM0961,PC-2030,Connect
{Y3Y1-J4LA52UI-5620PFLH},03/19/2010 13:54:21,TNM0961,PC-2030,Disconnect
{O1H2-B0LH61TD-6268DNYK},03/22/2010 11:01:45,TNM0961,PC-2030,Connect
{X7M1-D4BU13PA-9513NMIV},03/22/2010 11:25:20,TNM0961,PC-2030,Disconnect
{W7U9-B0YA69WQ-2926GHDX},03/22/2010 13:41:14,TNM0961,PC-2030,Connect
{K4R9-E8MO16ZD-7599ARFC},03/22/2010 13:46:46,TNM0961,PC-2030,Disconnect
{H6A9-I9HN15GC-4750OXFI},03/22/2010 14:46:40,TNM0961,PC-2030,Connect
{U3Y9-H5JS33KN-9721YMTP},03/22/2010 15:25:28,TNM0961,PC-2030,Disconnect
{C6E4-A8FX73FX-7103LZTU},03/23/2010 07:18:01,TNM0961,PC-2030,Connect
{P3L1-V1RY96GC-3439XVWA},03/23/2010 07:52:31,TNM0961,PC-2030,Disconnect
{C6D1-K5VA09QD-9744PSGU},03/23/2010 08:03:08,TNM0961,PC-2030,Connect
{K7A8-J1HM00HP-2637OGZQ},03/23/2010 08:28:51,TNM0961,PC-2030,Disconnect
{H5N5-J0KN34LW-2220YTDM},03/23/2010 08:30:47,TNM0961,PC-2030,Connect
{N6Z8-Y0SC06SI-0777JMVW},03/23/2010 08:39:37,TNM0961,PC-2030,Disconnect
{X5X6-H2ND97RH-1339BWKR},03/24/2010 08:42:55,TNM0961,PC-2030,Connect
{F9B0-E1BE41ZV-8489SICW},03/24/2010 09:17:25,TNM0961,PC-2030,Disconnect
{B5D4-G2WQ70KH-3139ELLK},03/24/2010 11:41:43,TNM0961,PC-2030,Connect
{E3A0-O4FO12IU-4817MHPJ},03/24/2010 12:28:44,TNM0961,PC-2030,Disconnect
{H8C3-K6CO27HU-1616ZNTC},03/24/2010 13:55:42,TNM0961,PC-2030,Connect
{K1P8-Y8VW50OS-2763DQZT},03/24/2010 14:36:08,TNM0961,PC-2030,Disconnect
{H6E4-Y5BE44DW-5244SIKF},03/24/2010 15:21:34,TNM0961,PC-2030,Connect
{E0W0-P8XS94YI-7895WJPK},03/24/2010 15:44:32,TNM0961,PC-2030,Disconnect
{H3M6-O9WX89UM-0770BDTM},03/25/2010 14:56:41,TNM0961,PC-2030,Connect
{I9U1-F6AA06QY-0189TBNZ},03/25/2010 15:08:24,TNM0961,PC-2030,Disconnect
{V0K8-C2EA14RU-4606HTWY},03/25/2010 15:50:13,TNM0961,PC-2030,Connect
{N5X8-S2JC96JO-4993ASPI},03/25/2010 16:12:29,TNM0961,PC-2030,Disconnect
{A2O4-V7XP51PR-3621QMFW},03/26/2010 12:49:18,TNM0961,PC-2030,Connect
{O8P2-W5FZ66RX-8955VRIT},03/26/2010 12:50:06,TNM0961,PC-2030,Disconnect
{Z2I8-U0TR12XF-2584TRVL},03/26/2010 13:11:38,TNM0961,PC-2030,Connect
{X3Q4-N5PQ60QF-6198ETCL},03/26/2010 13:18:15,TNM0961,PC-2030,Disconnect
{T1G6-T8QZ81KQ-3397WXXH},03/29/2010 09:28:50,TNM0961,PC-2030,Connect
{Y7O4-G0LU26LC-9054GAVE},03/29/2010 09:59:33,TNM0961,PC-2030,Disconnect
{H9M7-I4WF75QR-8675RZUH},03/29/2010 15:28:33,TNM0961,PC-2030,Connect
{Q5J4-I8ST83FW-5382BNYC},03/29/2010 15:35:48,TNM0961,PC-2030,Disconnect
{Q2Z5-P1RN45UI-8673AUQT},03/30/2010 08:34:53,TNM0961,PC-2030,Connect
{V3T7-R1LM58EV-3385HQYU},03/30/2010 08:45:19,TNM0961,PC-2030,Disconnect
{O3G5-M5GJ73AM-0583REOR},03/30/2010 08:49:49,TNM0961,PC-2030,Connect
{F4I5-C0CV04ZQ-0580QXBX},03/30/2010 09:05:28,TNM0961,PC-2030,Disconnect
{V8K3-P0VT46NA-6545OEFD},03/31/2010 08:41:11,TNM0961,PC-2030,Connect
{J0F2-T3GV14BP-0450GLJJ},03/31/2010 08:53:43,TNM0961,PC-2030,Disconnect
{P3E8-X8WV21YL-0580IPND},04/01/2010 07:51:27,TNM0961,PC-2030,Connect
{Z8S5-E0AW51NF-9133CMXK},04/01/2010 07:55:29,TNM0961,PC-2030,Disconnect
{O6K1-Y4KP33BR-2282QZFP},04/01/2010 13:45:43,TNM0961,PC-2030,Connect
{R4O0-E4MQ35WI-6552LLXD},04/01/2010 13:50:46,TNM0961,PC-2030,Disconnect
{K3R3-E5VK21WN-7093JDKH},04/01/2010 15:49:56,TNM0961,PC-2030,Connect
{A0N3-J0XI91MD-3594KSNX},04/01/2010 16:11:59,TNM0961,PC-2030,Disconnect
{I4S9-K4QL16NN-6038SLZA},04/05/2010 07:53:28,TNM0961,PC-2030,Connect
{I6G3-E8FS53QM-0998RFCY},04/05/2010 07:59:44,TNM0961,PC-2030,Disconnect
{S3F1-R9HA71KK-8748NOIF},04/06/2010 14:23:42,TNM0961,PC-2030,Connect
{W8M3-C1ST70DR-5771QOLN},04/06/2010 14:45:38,TNM0961,PC-2030,Disconnect
{Z3C8-A9ZH27JO-8641MKJM},04/07/2010 13:58:00,TNM0961,PC-2030,Connect
{V9N6-Y3JH51EM-5563MFQU},04/07/2010 14:04:31,TNM0961,PC-2030,Disconnect
{J9P4-A2YF41PF-7316MIMO},04/07/2010 14:10:12,TNM0961,PC-2030,Connect
{Z9U0-N1UQ63VJ-1024BDOF},04/07/2010 14:34:01,TNM0961,PC-2030,Disconnect
{S8F1-E6QV43GD-3010XBGO},04/07/2010 14:46:24,TNM0961,PC-2030,Connect
{Y9J6-O0MS08UU-8894OHLA},04/07/2010 15:20:36,TNM0961,PC-2030,Disconnect
{C3V7-T5LK02TY-0658XGQS},04/08/2010 12:15:56,TNM0961,PC-2030,Connect
{R0O1-P5DM21MT-5748HMZM},04/08/2010 12:23:56,TNM0961,PC-2030,Disconnect
{R8L2-C8QK93ZZ-5925LYTX},04/08/2010 12:28:00,TNM0961,PC-2030,Connect
{W5H5-C8WM30PI-3639WSDG},04/08/2010 13:40:42,TNM0961,PC-2030,Disconnect
{K6K6-G4AC87MT-3116INFH},04/09/2010 15:16:43,TNM0961,PC-2030,Connect
{B4R9-N2HS57MK-8995OQSM},04/09/2010 16:00:16,TNM0961,PC-2030,Disconnect
{U2J9-U6OU06YK-1782FZPF},04/12/2010 13:27:08,TNM0961,PC-2030,Connect
{U9L2-G8OS26KZ-6876SVRW},04/12/2010 13:59:00,TNM0961,PC-2030,Disconnect
{Y3V4-Q2GE22SN-7003MMPL},04/12/2010 14:24:15,TNM0961,PC-2030,Connect
{L4X6-G8SZ32OW-3811PXNK},04/12/2010 14:31:15,TNM0961,PC-2030,Disconnect
{Y1O7-L1ZU77CT-5530LCAX},04/14/2010 07:13:29,TNM0961,PC-2030,Connect
{P1R6-Z6IA84SF-2947FOJF},04/14/2010 07:54:50,TNM0961,PC-2030,Disconnect
{E8U0-Y9GQ25YX-8817RNGH},04/14/2010 08:31:48,TNM0961,PC-2030,Connect
{K8E5-J3PN59YS-0289RIOH},04/14/2010 09:13:33,TNM0961,PC-2030,Disconnect
{R8G7-X2CH41QB-9789VZIY},04/15/2010 09:34:06,TNM0961,PC-2030,Connect
{I6H1-A3CI35SU-8852QFSN},04/15/2010 10:59:09,TNM0961,PC-2030,Disconnect
{K6E0-B4YD64VY-0494ETTG},04/15/2010 12:37:35,TNM0961,PC-2030,Connect
{C6D4-E3WS04AW-2652QPHD},04/15/2010 13:06:18,TNM0961,PC-2030,Disconnect
{A5C1-Y0OT64WO-2241GVYZ},04/19/2010 07:43:39,TNM0961,PC-2030,Connect
{M7F3-O9LD37TO-3811KDFK},04/19/2010 08:47:43,TNM0961,PC-2030,Disconnect
{Q6W8-V4FL59II-0274QQWA},04/19/2010 13:18:47,TNM0961,PC-2030,Connect
{X4O6-Y0JN45SU-7087HSLB},04/19/2010 13:41:30,TNM0961,PC-2030,Disconnect
{X5M1-M5BU44KC-3503BQTQ},04/19/2010 15:19:42,TNM0961,PC-2030,Connect
{J3A6-Q7IF15OA-6872NUNO},04/19/2010 15:35:31,TNM0961,PC-2030,Disconnect
{E6C9-F1PC08IA-2531VMTF},04/20/2010 12:42:31,TNM0961,PC-2030,Connect
{J9F9-O1TG47CB-3466TKBU},04/20/2010 12:50:24,TNM0961,PC-2030,Disconnect
{M2O2-I0TP09NT-2334YBSI},04/20/2010 15:05:18,TNM0961,PC-2030,Connect
{T4L1-J9SR08TT-0686DVLC},04/20/2010 15:37:15,TNM0961,PC-2030,Disconnect
{Q9Z4-R3HZ99ZF-1054DSGW},04/21/2010 12:21:45,TNM0961,PC-2030,Connect
{M9B5-P1PE44KQ-4581QKWD},04/21/2010 12:31:21,TNM0961,PC-2030,Disconnect
{W4B4-L6ZZ33JQ-3362VJUN},04/22/2010 07:51:10,TNM0961,PC-2030,Connect
{O9M1-X0LC71IQ-6752IBBQ},04/22/2010 08:22:00,TNM0961,PC-2030,Disconnect
{H8H3-P1KK66UR-9021BYNU},04/22/2010 10:26:50,TNM0961,PC-2030,Connect
{U9B6-R2RO56EM-9743GVMZ},04/22/2010 10:52:16,TNM0961,PC-2030,Disconnect
{H9P6-B4IC32AC-4872OKXV},04/22/2010 14:38:21,TNM0961,PC-2030,Connect
{Z4G4-V4YC11NM-3775QWLN},04/22/2010 14:54:42,TNM0961,PC-2030,Disconnect
{U7L2-K8LE33JV-8022ORUN},04/22/2010 15:23:23,TNM0961,PC-2030,Connect
{Z2O9-L1RZ57FX-4097TDOV},04/22/2010 15:47:48,TNM0961,PC-2030,Disconnect
{Q5O5-Y5WV78YL-9748ZJKX},04/23/2010 08:39:45,TNM0961,PC-2030,Connect
{Y1Z2-T6OT73CQ-7211UXWR},04/23/2010 09:09:24,TNM0961,PC-2030,Disconnect
{E9L9-N2NX08XT-8284NRVA},04/26/2010 12:37:37,TNM0961,PC-2030,Connect
{Z7Y3-A6KZ65OH-4660PYSD},04/26/2010 12:37:38,TNM0961,PC-2030,Disconnect
{C9U8-O2UV83YK-4423HFNA},04/26/2010 13:08:02,TNM0961,PC-2030,Connect
{B0K4-W3EV15ES-4814KUCT},04/26/2010 13:30:16,TNM0961,PC-2030,Disconnect
{L3S3-Z5JP46TN-8904DOWC},04/27/2010 07:45:47,TNM0961,PC-2030,Connect
{D4S1-A5UU12GK-7437OJNK},04/27/2010 09:01:43,TNM0961,PC-2030,Disconnect
{S3E9-F5OU24AC-5108BMXO},04/27/2010 11:32:37,TNM0961,PC-2030,Connect
{N8P2-X5ZS04XE-2844RJON},04/27/2010 12:49:32,TNM0961,PC-2030,Disconnect
{T5U2-P5XI61QX-5160VJGV},04/28/2010 10:01:30,TNM0961,PC-2030,Connect
{V4E1-P0EN14NX-5364GRWP},04/28/2010 10:13:02,TNM0961,PC-2030,Disconnect
{V6H3-K6PH67NR-7064ABVO},04/28/2010 14:35:07,TNM0961,PC-2030,Connect
{C7Y9-U2RU45PG-1681FHNY},04/28/2010 15:06:51,TNM0961,PC-2030,Disconnect
{N4N2-V6NC60NI-2976ENAI},04/29/2010 15:28:37,TNM0961,PC-2030,Connect
{Q2Y0-S1VR88CV-1710CMZD},04/29/2010 15:35:41,TNM0961,PC-2030,Disconnect
{A9U5-K0DA14RT-3718KTQB},04/30/2010 07:42:40,TNM0961,PC-2030,Connect
{X5P8-L9YD04TT-3705UFNV},04/30/2010 07:58:31,TNM0961,PC-2030,Disconnect
{C4O1-O8QJ16WR-5479LEFS},04/30/2010 10:52:37,TNM0961,PC-2030,Connect
{P6D8-G9PT37YG-2269ZYYS},04/30/2010 10:52:48,TNM0961,PC-2030,Disconnect
{O2Q2-W9UV68OD-6507BVLW},05/03/2010 07:49:44,TNM0961,PC-2030,Connect
{P8X8-W0QI19QH-1401HUIR},05/03/2010 08:51:13,TNM0961,PC-2030,Disconnect
{E1K3-F2TE55EG-9909OKRG},05/03/2010 13:41:42,TNM0961,PC-2030,Connect
{B7N3-O7KB90NW-3711ZIBB},05/03/2010 14:27:32,TNM0961,PC-2030,Disconnect
{H2P6-I3VS93TD-2394SVSA},05/03/2010 15:42:13,TNM0961,PC-2030,Connect
{Y0U4-Q1AJ95WJ-3125RGPQ},05/03/2010 15:59:10,TNM0961,PC-2030,Disconnect
{H0P7-Q9RE86QH-7805MBJW},05/04/2010 08:25:11,TNM0961,PC-2030,Connect
{M6B3-K4ZU96AQ-5410BXBS},05/04/2010 09:02:37,TNM0961,PC-2030,Disconnect
{N7F4-T6YW89ZO-1603HKNY},05/04/2010 13:40:31,TNM0961,PC-2030,Connect
{A3U2-L7SN95WU-3124FWLI},05/04/2010 13:59:39,TNM0961,PC-2030,Disconnect
{F0J1-K7EN31DW-7975UYGO},05/05/2010 15:03:44,TNM0961,PC-2030,Connect
{Q4J3-V9LS33RE-4659VKWU},05/05/2010 15:28:28,TNM0961,PC-2030,Disconnect
{X4M7-A7ZQ20UD-3087DJAJ},05/06/2010 13:20:18,TNM0961,PC-2030,Connect
{W8Q3-D6OJ84XE-5044YDIQ},05/06/2010 13:38:27,TNM0961,PC-2030,Disconnect
{F1E7-N8BD59OE-2904FZLS},05/06/2010 13:59:24,TNM0961,PC-2030,Connect
{A9H9-B1ZA93ZQ-3444OQFK},05/06/2010 14:00:17,TNM0961,PC-2030,Disconnect
{X1M3-D4TR26SX-6897GQYB},05/06/2010 15:14:37,TNM0961,PC-2030,Connect
{J7G6-T9HW66MM-8680RBIV},05/06/2010 15:28:53,TNM0961,PC-2030,Disconnect
{Q8S7-N9MP92TC-0985RRUB},05/07/2010 10:56:51,TNM0961,PC-2030,Connect
{Q1F6-A8YN64RH-9306GHPR},05/07/2010 11:04:03,TNM0961,PC-2030,Disconnect
{Z6G9-P9ZK41AE-0857ZVGC},05/10/2010 14:08:05,TNM0961,PC-2030,Connect
{X9Y1-M2VI17GQ-4192SSCQ},05/10/2010 14:31:28,TNM0961,PC-2030,Disconnect
{B8E1-H5AG69ZK-8784NATR},05/11/2010 11:17:31,TNM0961,PC-2030,Connect
{A4D9-D7MM75ZK-7131CGTC},05/11/2010 11:33:08,TNM0961,PC-2030,Disconnect
{V9Y2-D3YI70CB-2623GSNB},05/12/2010 07:23:30,TNM0961,PC-2030,Connect
{B9P3-R7MV18PK-3364NDZE},05/12/2010 09:06:39,TNM0961,PC-2030,Disconnect
{Q7D7-G2DU35WI-8788XFLT},05/12/2010 13:20:10,TNM0961,PC-2030,Connect
{H6M1-C1TK06MR-6825GVNI},05/12/2010 13:21:39,TNM0961,PC-2030,Disconnect
{I8V2-Z9XI25QO-4622KWDL},05/12/2010 14:33:46,TNM0961,PC-2030,Connect
{C4R3-Q2GD83IQ-2950QQTO},05/12/2010 14:43:14,TNM0961,PC-2030,Disconnect
{I7S7-T6AN08VG-9829UVDQ},05/12/2010 14:52:56,TNM0961,PC-2030,Connect
{F1C6-Y7XI85GM-5757VPIE},05/12/2010 15:16:59,TNM0961,PC-2030,Disconnect
{Y8Z6-C5DE74FO-6592EVIX},05/13/2010 10:52:32,TNM0961,PC-2030,Connect
{C7V7-X7TI59ZN-1478DWPA},05/13/2010 12:09:48,TNM0961,PC-2030,Disconnect
{I6X8-B1EY39SV-3614CAJG},05/13/2010 15:05:01,TNM0961,PC-2030,Connect
{F5W7-U8CB23FP-8061STZM},05/13/2010 15:41:02,TNM0961,PC-2030,Disconnect
{A3F1-A5GR25WT-3943CINU},05/14/2010 13:38:14,TNM0961,PC-2030,Connect
{X3M6-R3KX11MK-4640BRDZ},05/14/2010 14:06:09,TNM0961,PC-2030,Disconnect
{E0E6-E3DL26DC-1251TMOR},05/14/2010 14:07:55,TNM0961,PC-2030,Connect
{Z6S9-V6QC84II-0905YDHN},05/14/2010 14:16:01,TNM0961,PC-2030,Disconnect
{L6R7-I5VY00NH-8236NNQC},05/14/2010 14:16:54,TNM0961,PC-2030,Connect
{V4P3-U8EV42AM-2916RLRP},05/14/2010 14:45:29,TNM0961,PC-2030,Disconnect
{Y3R5-X7HE15TW-7969MQRJ},05/17/2010 08:39:51,TNM0961,PC-2030,Connect
{Z1J2-B7BB92NY-1231OTIC},05/17/2010 08:47:28,TNM0961,PC-2030,Disconnect
{P0S8-W4TH53TJ-8404XPHO},05/17/2010 08:55:26,TNM0961,PC-2030,Connect
{R8E7-V3TT02TD-3090HSIF},05/17/2010 09:12:12,TNM0961,PC-2030,Disconnect
{N8T7-U0XY31FF-0458QFBS},05/17/2010 11:59:19,TNM0961,PC-2030,Connect
{H3N4-V9KS93DZ-6655NHIS},05/17/2010 12:34:41,TNM0961,PC-2030,Disconnect
{Q9O0-O4PQ16QH-7988UGKE},05/17/2010 12:42:02,TNM0961,PC-2030,Disconnect
{S6L7-L1IW69DP-2250FZOZ},05/17/2010 12:42:02,TNM0961,PC-2030,Connect
{N8S1-T9CC09YT-3542LXAK},05/18/2010 09:11:22,TNM0961,PC-2030,Connect
{R9Q6-A3BV54DL-1844TRHQ},05/18/2010 09:53:55,TNM0961,PC-2030,Disconnect
{I9F5-O7VZ56NZ-7691TIRT},05/19/2010 07:20:02,TNM0961,PC-2030,Connect
{I9E8-F0SO99OJ-7708BSNR},05/19/2010 07:38:09,TNM0961,PC-2030,Disconnect
{Q6W2-R1WE13CZ-1852LETB},05/20/2010 13:27:18,TNM0961,PC-2030,Connect
{B8W9-Z1HV90GO-6893YZTY},05/20/2010 13:56:24,TNM0961,PC-2030,Disconnect
{B5E1-E0VM18QH-9385JWBG},05/21/2010 10:24:09,TNM0961,PC-2030,Connect
{B2A7-T2MV75BW-8233IGPJ},05/21/2010 11:18:24,TNM0961,PC-2030,Disconnect
{L5H7-K5AS69VX-6421YAOR},05/21/2010 12:04:52,TNM0961,PC-2030,Connect
{M0D0-N5CH68TB-3995POOX},05/21/2010 12:29:25,TNM0961,PC-2030,Disconnect
{Y5G5-C5XF47QF-5859YCBI},05/21/2010 14:08:48,TNM0961,PC-2030,Connect
{U6C0-P6EE18XW-0050QXBC},05/21/2010 14:42:56,TNM0961,PC-2030,Disconnect
{D5J6-T0WM30EZ-5486IVNT},05/24/2010 08:07:03,TNM0961,PC-2030,Connect
{K7M9-H8LN52KS-7832GKQC},05/24/2010 09:52:39,TNM0961,PC-2030,Disconnect
{I9C0-X0AZ72QE-1042BUII},05/25/2010 11:26:09,TNM0961,PC-2030,Connect
{R0C8-K5ZK79VA-9801IOLD},05/25/2010 11:27:31,TNM0961,PC-2030,Disconnect
{A4V0-W4BH75HG-2445WKUC},05/26/2010 12:39:18,TNM0961,PC-2030,Connect
{L2H7-L4RG09ZN-5015CUPZ},05/26/2010 13:22:19,TNM0961,PC-2030,Disconnect
{G5A6-O2JT14MA-2236TZEU},05/27/2010 07:34:39,TNM0961,PC-2030,Connect
{G7V1-U5YM32VR-8744DHTG},05/27/2010 07:41:43,TNM0961,PC-2030,Disconnect
{C9A5-I9BN30SC-9843TTOF},05/27/2010 09:02:16,TNM0961,PC-2030,Connect
{U2I3-P7LJ40EU-6608ZRKS},05/27/2010 09:07:07,TNM0961,PC-2030,Disconnect
{M9W3-Z0VA56VT-2086KYUY},05/27/2010 12:56:22,TNM0961,PC-2030,Connect
{C6N0-M2SW40UD-3533FGQE},05/27/2010 13:28:17,TNM0961,PC-2030,Disconnect
{E7Y5-A8JZ85UA-7130ZGCE},05/28/2010 14:11:25,TNM0961,PC-2030,Connect
{D8X6-T6JX71VM-2411TGJL},05/28/2010 14:31:52,TNM0961,PC-2030,Disconnect
{B2F7-W5YO52YU-8799MWYG},06/01/2010 10:10:47,TNM0961,PC-2030,Connect
{J5Q6-U2GP32RN-8152VRHW},06/01/2010 11:56:47,TNM0961,PC-2030,Connect
{J0Z5-U5IT39VX-5218UEIA},06/01/2010 12:11:54,TNM0961,PC-2030,Disconnect
{H3L9-R1IP21PU-3525VOZQ},06/02/2010 12:59:12,TNM0961,PC-2030,Connect
{T5V4-I7OM86HA-4578RLBW},06/02/2010 13:04:39,TNM0961,PC-2030,Disconnect
{V4C1-R7QZ86OS-0748LGLA},06/02/2010 14:37:41,TNM0961,PC-2030,Connect
{O9W1-H6GS63AZ-5539ITTJ},06/02/2010 14:45:13,TNM0961,PC-2030,Disconnect
{K2G2-E4GO45PG-4199XXBF},06/03/2010 14:01:00,TNM0961,PC-2030,Connect
{C2K5-F1YG48KM-4892GYIC},06/03/2010 14:48:07,TNM0961,PC-2030,Disconnect
{M6W6-U3SB34GS-7964CUUR},06/07/2010 12:38:41,TNM0961,PC-2030,Connect
{G9I7-F0IG24LR-3774NNBQ},06/07/2010 13:29:37,TNM0961,PC-2030,Disconnect
{A2W6-I5TE93WF-9807MRMO},06/07/2010 15:56:40,TNM0961,PC-2030,Connect
{H3G3-F2UQ44CL-8462UFWU},06/07/2010 16:16:45,TNM0961,PC-2030,Disconnect
{C0R6-O3OW22BZ-2236TPUK},06/08/2010 14:48:39,TNM0961,PC-2030,Connect
{H3N0-O5OL68TA-4942GQYH},06/08/2010 15:28:59,TNM0961,PC-2030,Disconnect
{D9D1-W6AT38ET-0556MMWQ},06/09/2010 14:47:17,TNM0961,PC-2030,Connect
{S7R3-J6PC33BK-7476KAEQ},06/09/2010 15:13:02,TNM0961,PC-2030,Disconnect
{F5W9-K2LG57ME-0707PQWI},06/10/2010 11:58:26,TNM0961,PC-2030,Connect
{D8U0-V1UH96VT-2171GCXS},06/10/2010 12:24:20,TNM0961,PC-2030,Disconnect
{M3C4-U9KU45RL-8948RVCY},06/11/2010 08:17:28,TNM0961,PC-2030,Connect
{B1E7-H9YN80WK-5211KCDS},06/11/2010 08:59:04,TNM0961,PC-2030,Disconnect
{V4G5-L5TX87VO-9512KCDY},06/14/2010 14:00:14,TNM0961,PC-2030,Connect
{G0Z8-C5WS39ZK-1765IAWC},06/14/2010 14:15:46,TNM0961,PC-2030,Disconnect
{A6U4-A5HA77GM-2895OAZU},06/15/2010 13:06:39,TNM0961,PC-2030,Connect
{V9X8-B4GQ92RW-0339VUHT},06/15/2010 13:56:11,TNM0961,PC-2030,Disconnect
{L3K7-H8ZL25RF-2590MVLO},06/15/2010 14:11:24,TNM0961,PC-2030,Connect
{T4D7-I6PV88VE-0819XLRJ},06/15/2010 14:46:40,TNM0961,PC-2030,Disconnect
{K1H0-D6OE57TC-0331EXTM},06/16/2010 07:37:27,TNM0961,PC-2030,Connect
{M8G1-N8AO60IH-8056FHTR},06/16/2010 07:47:04,TNM0961,PC-2030,Disconnect
{T6N9-B7JS24DJ-9646KGLI},06/16/2010 08:30:53,TNM0961,PC-2030,Connect
{Y4V6-T0XM75DI-0466BONI},06/16/2010 09:11:14,TNM0961,PC-2030,Disconnect
{K2V8-I5FJ80IT-7798BYCS},06/16/2010 14:30:11,TNM0961,PC-2030,Connect
{O3Y4-F4ZI14FR-4437URMT},06/16/2010 15:34:23,TNM0961,PC-2030,Disconnect
{O3V3-R3VU16KF-5727EAMH},06/17/2010 15:15:02,TNM0961,PC-2030,Connect
{W7H8-Z2CU51FN-5451ADSR},06/17/2010 15:21:16,TNM0961,PC-2030,Disconnect
{C3V6-R1CM68EW-7592JOAX},06/18/2010 13:03:43,TNM0961,PC-2030,Connect
{H8Y3-O4FE53FW-2454BDQL},06/18/2010 13:04:42,TNM0961,PC-2030,Disconnect
{I0W4-L2HY20EK-8035YSDY},06/21/2010 08:28:17,TNM0961,PC-2030,Connect
{T8T0-K0EQ91WG-8194XMQZ},06/21/2010 09:06:18,TNM0961,PC-2030,Disconnect
{C5E3-S6LL88DP-6630BWXZ},06/21/2010 14:05:09,TNM0961,PC-2030,Connect
{Z8P4-N1BC72FX-1618HHNG},06/21/2010 14:18:50,TNM0961,PC-2030,Disconnect
{Z7P8-E0TQ02PF-7996LVVU},06/21/2010 14:19:06,TNM0961,PC-2030,Connect
{Y8Q5-Q8LA84ZQ-3575AOWE},06/21/2010 15:07:04,TNM0961,PC-2030,Disconnect
{C1B3-E6MF11TH-1906ZKHF},06/22/2010 08:32:26,TNM0961,PC-2030,Connect
{I8R7-D6RL31ES-0569EEIO},06/22/2010 08:52:03,TNM0961,PC-2030,Disconnect
{J4M5-R8RU68OX-1095XHMH},06/23/2010 08:39:07,TNM0961,PC-2030,Connect
{L8M3-U6MT12QH-7909EICF},06/23/2010 08:52:52,TNM0961,PC-2030,Disconnect
{P3X4-E3DM83TM-4717IHOL},06/23/2010 09:39:28,TNM0961,PC-2030,Connect
{D5J4-S9LD52OD-2817DCVJ},06/23/2010 10:02:24,TNM0961,PC-2030,Disconnect
{B1J9-U7RV53EH-9136PKOM},06/23/2010 12:40:42,TNM0961,PC-2030,Connect
{D9O4-E8IW10QW-9151GSDH},06/23/2010 13:05:15,TNM0961,PC-2030,Disconnect
{Q8H1-W5BS48SY-9482RVPM},06/23/2010 15:24:32,TNM0961,PC-2030,Connect
{K5R4-E7BW49OT-5282RUDM},06/23/2010 15:24:35,TNM0961,PC-2030,Disconnect
{N4Z1-U0SU99WT-4260ONNM},06/24/2010 12:39:58,TNM0961,PC-2030,Connect
{W9A3-M4MY74VH-2907WEHX},06/24/2010 13:50:26,TNM0961,PC-2030,Disconnect
{V4V7-W6UT56ZF-4292PMPD},06/24/2010 14:18:31,TNM0961,PC-2030,Connect
{G6J8-H2ZG81TH-5254XJAG},06/24/2010 14:21:10,TNM0961,PC-2030,Disconnect
{C4P5-C0TU31AH-7460LKUZ},06/24/2010 15:07:56,TNM0961,PC-2030,Connect
{G8W7-J0JP16IE-8883AEQB},06/24/2010 16:00:26,TNM0961,PC-2030,Disconnect
{R7V8-R5FI01ML-4923DJEP},06/25/2010 15:22:50,TNM0961,PC-2030,Connect
{K7B4-I0HM97SV-6194ALQB},06/25/2010 15:45:56,TNM0961,PC-2030,Disconnect
{X2Z7-M4NM09FH-1979QHUP},06/29/2010 08:06:22,TNM0961,PC-2030,Connect
{O7Q3-W8RZ29HJ-3870NEHB},06/29/2010 08:22:25,TNM0961,PC-2030,Disconnect
{X1Y2-A2LN64IQ-4129YVYL},06/29/2010 14:22:45,TNM0961,PC-2030,Connect
{B4R5-A7WG89QN-2936TFOJ},06/29/2010 14:37:09,TNM0961,PC-2030,Disconnect
{O8E7-M2TE81XC-8566GOBP},06/29/2010 15:24:29,TNM0961,PC-2030,Connect
{K8H2-M3LL34LS-6881RZXR},06/29/2010 15:57:04,TNM0961,PC-2030,Disconnect
{R0C5-P2MA63DN-3606ZASN},06/30/2010 08:43:24,TNM0961,PC-2030,Connect
{O4M1-K7CJ81BA-1770CNPU},06/30/2010 09:13:20,TNM0961,PC-2030,Disconnect
{I8Q8-B4TX86JI-4214LIJC},06/30/2010 14:37:46,TNM0961,PC-2030,Connect
{V4S4-V8MO26SU-1295ENRE},06/30/2010 14:48:35,TNM0961,PC-2030,Disconnect
{Z7M1-X6CC60EP-2561WTFX},06/30/2010 15:14:30,TNM0961,PC-2030,Connect
{I3I1-I4OF11TI-5762RIZZ},06/30/2010 16:04:05,TNM0961,PC-2030,Disconnect
{Y4X1-Q7JC35GM-7317LHFP},07/01/2010 09:05:16,TNM0961,PC-2030,Connect
{Q0F1-H3ZC25SC-5240JBAF},07/01/2010 09:52:20,TNM0961,PC-2030,Disconnect
{R6M1-B5SJ06OW-5551RZQF},07/02/2010 10:19:38,TNM0961,PC-2030,Connect
{A5Z4-H5NP32GS-2924IOGJ},07/02/2010 10:51:14,TNM0961,PC-2030,Disconnect
{E1X5-P7RM30EJ-7931SLJS},07/02/2010 13:36:19,TNM0961,PC-2030,Connect
{Z8V3-G8MJ53WK-4830OELB},07/02/2010 13:44:01,TNM0961,PC-2030,Disconnect
{P3S9-V3NY08DQ-1179BTUI},07/06/2010 10:57:26,TNM0961,PC-2030,Connect
{O1U6-X8RQ31GG-3771ECZI},07/06/2010 11:10:01,TNM0961,PC-2030,Disconnect
{L4M3-W7YG42CY-6459ZIZG},07/06/2010 13:47:46,TNM0961,PC-2030,Connect
{P4R3-V2RU19QB-7732TLMO},07/06/2010 13:52:44,TNM0961,PC-2030,Disconnect
{I8B4-O4AP54DX-7713TBKH},07/07/2010 07:35:30,TNM0961,PC-2030,Connect
{K2C5-N5SJ52KI-3580MLVN},07/07/2010 07:53:59,TNM0961,PC-2030,Disconnect
{W5I0-S2RH41OE-9381UQJM},07/07/2010 14:13:47,TNM0961,PC-2030,Connect
{C7G5-L4TB45LH-2077MTPR},07/07/2010 14:42:28,TNM0961,PC-2030,Disconnect
{Z7F3-V2KW41KY-7186EXIO},07/08/2010 12:17:00,TNM0961,PC-2030,Connect
{L5P0-E5CW53OF-1459VDER},07/08/2010 13:16:33,TNM0961,PC-2030,Disconnect
{Y6X1-P8TT78UR-2913AYWT},07/08/2010 15:09:41,TNM0961,PC-2030,Connect
{R5I4-O7KU14KP-5353UFYM},07/08/2010 15:28:40,TNM0961,PC-2030,Disconnect
{H0D2-C6EL94RX-0213VIAP},07/13/2010 07:57:29,TNM0961,PC-2030,Connect
{X8B1-S7JS84WT-9710BCYQ},07/13/2010 08:12:50,TNM0961,PC-2030,Disconnect
{H9F8-Q8DR84KZ-7741DGHM},07/13/2010 08:24:32,TNM0961,PC-2030,Connect
{T0D1-J2AH57VX-5776QUZX},07/13/2010 08:44:32,TNM0961,PC-2030,Disconnect
{W9Y2-J0DY67BG-9191SXLI},07/13/2010 10:58:54,TNM0961,PC-2030,Connect
{D0O2-Q3SD87VU-5336NRTW},07/13/2010 11:22:12,TNM0961,PC-2030,Disconnect
{M8L0-D7HM20YO-1339KKHU},07/13/2010 13:18:16,TNM0961,PC-2030,Connect
{K4V1-Q0KW99WN-1741PRGQ},07/13/2010 13:18:37,TNM0961,PC-2030,Disconnect
{J6D8-L8JK76RC-8405ONCK},07/13/2010 14:46:27,TNM0961,PC-2030,Connect
{Y2V0-T4NV92XE-8023VLUJ},07/13/2010 14:54:01,TNM0961,PC-2030,Disconnect
{E3T2-V7KE27CS-3353MAOL},07/14/2010 12:46:17,TNM0961,PC-2030,Connect
{N7F7-G0NI46MN-2561GDHI},07/14/2010 13:26:21,TNM0961,PC-2030,Disconnect
{R7J5-I4PQ60FF-0061KZCK},07/15/2010 07:21:38,TNM0961,PC-2030,Connect
{Q0X3-F1IO51JZ-0765SWGT},07/15/2010 07:58:20,TNM0961,PC-2030,Disconnect
{Z7Q8-Q4QL39QK-5800NURI},07/15/2010 13:35:35,TNM0961,PC-2030,Connect
{B1N6-Y0TM28CZ-0803UGNB},07/15/2010 13:46:34,TNM0961,PC-2030,Disconnect
{Y6P5-L1VV78HL-5665NMQL},07/15/2010 15:11:08,TNM0961,PC-2030,Connect
{C0X4-V5QF11ZH-3505SRUK},07/15/2010 16:07:48,TNM0961,PC-2030,Disconnect
{T9O2-P8NN67UK-8422ZKND},07/16/2010 10:48:32,TNM0961,PC-2030,Connect
{T5D9-H8WG40VQ-5287JCVI},07/16/2010 11:05:01,TNM0961,PC-2030,Disconnect
{E5T3-E7CV32AS-5749HSXF},07/16/2010 13:01:31,TNM0961,PC-2030,Connect
{Q2T9-J1HL05SB-6350TAVH},07/16/2010 13:20:05,TNM0961,PC-2030,Disconnect
{O5V5-D2KD02SP-0663RFJY},07/16/2010 14:08:28,TNM0961,PC-2030,Connect
{R8B3-F5VG09TG-9885ZJMK},07/16/2010 14:25:19,TNM0961,PC-2030,Disconnect
{T7L1-W3RJ71SX-2951VYBN},07/19/2010 10:10:42,TNM0961,PC-2030,Connect
{I3A4-G9IY65AK-2153FNBZ},07/19/2010 10:15:48,TNM0961,PC-2030,Disconnect
{Z9L3-N3QC97KW-2897FKIZ},07/19/2010 13:22:05,TNM0961,PC-2030,Connect
{X9A1-K8OC93XS-0538XGIJ},07/19/2010 14:06:42,TNM0961,PC-2030,Disconnect
{P0R9-E5FT67SE-8018LQMG},07/19/2010 14:33:44,TNM0961,PC-2030,Connect
{M2C4-I4CB83MA-3319ATYT},07/19/2010 14:40:51,TNM0961,PC-2030,Disconnect
{V1Y4-D4WM43OO-2849QICK},07/20/2010 14:45:38,TNM0961,PC-2030,Connect
{H8C8-T8XS09SZ-9758SRAG},07/20/2010 16:22:44,TNM0961,PC-2030,Disconnect
{Z5S8-U3CE81LH-6884XBHK},07/21/2010 10:49:23,TNM0961,PC-2030,Connect
{U3T1-W6NH37EY-5685ZPXD},07/21/2010 10:56:38,TNM0961,PC-2030,Disconnect
{S6F7-V0UJ69JL-1667VLGV},07/21/2010 10:59:30,TNM0961,PC-2030,Connect
{I5E9-P1KM06NA-0339PMRD},07/21/2010 11:00:28,TNM0961,PC-2030,Disconnect
{C5Z0-R3NX73OQ-7293RTXY},07/21/2010 15:20:32,TNM0961,PC-2030,Connect
{F6V1-P6YH62HW-1020WNKR},07/21/2010 15:21:17,TNM0961,PC-2030,Disconnect
{B0F5-M8LT59NV-5044TCJX},07/22/2010 07:18:04,TNM0961,PC-2030,Connect
{Y8S3-X6MN29PD-0774LOQC},07/22/2010 07:31:13,TNM0961,PC-2030,Disconnect
{Z4F2-B6AI87KS-0463KDQH},07/22/2010 09:46:51,TNM0961,PC-2030,Connect
{Z4Z7-U9JO17JG-2166VFZB},07/22/2010 09:49:21,TNM0961,PC-2030,Disconnect
{W9R1-U4QX76IM-9307GJHJ},07/22/2010 13:08:00,TNM0961,PC-2030,Connect
{H7L4-K7QN61QC-5624RKLV},07/22/2010 13:19:10,TNM0961,PC-2030,Disconnect
{B9K3-H5ZF26YK-2490SUZO},07/23/2010 09:43:54,TNM0961,PC-2030,Connect
{X9V1-Q3VS95DO-0747MRMM},07/23/2010 09:44:50,TNM0961,PC-2030,Disconnect
{E2H0-E5HZ93PM-9989PWDS},07/23/2010 15:03:24,TNM0961,PC-2030,Connect
{E8J0-E0KL30OK-7282RPVJ},07/23/2010 15:50:39,TNM0961,PC-2030,Disconnect
{I2D2-Z9TP04UY-6049DYQT},07/26/2010 07:18:42,TNM0961,PC-2030,Connect
{S4L0-X7PC44IC-8382GPFS},07/26/2010 07:40:29,TNM0961,PC-2030,Disconnect
{I3G7-M2ZE51IB-9389IGYH},07/26/2010 13:02:52,TNM0961,PC-2030,Connect
{Y9V0-E9AV68JF-8470ETGO},07/26/2010 13:15:26,TNM0961,PC-2030,Disconnect
{K2N0-H4NW01OQ-6736WYRB},07/26/2010 13:59:00,TNM0961,PC-2030,Connect
{E7E3-J9IC77OF-6092HZHT},07/26/2010 14:00:48,TNM0961,PC-2030,Disconnect
{Q0M5-D6BP91QK-1271JQYP},07/26/2010 14:28:02,TNM0961,PC-2030,Connect
{I9G9-J9ZE81MR-0938AZYR},07/26/2010 14:52:41,TNM0961,PC-2030,Disconnect
{C9L5-O9RC83GK-9768QWOS},07/27/2010 14:41:56,TNM0961,PC-2030,Connect
{N1P5-N0QL48VD-2378ETEH},07/27/2010 14:42:39,TNM0961,PC-2030,Disconnect
{A5U3-U1XM47TG-0556YGVC},07/27/2010 14:48:00,TNM0961,PC-2030,Connect
{Q3X1-J5WN57OO-2883YZIM},07/27/2010 14:50:55,TNM0961,PC-2030,Disconnect
{W2T6-Y2JI37GF-8553BHPN},07/28/2010 08:16:44,TNM0961,PC-2030,Connect
{I8E9-A2LW18MC-3116ACKU},07/28/2010 08:56:40,TNM0961,PC-2030,Disconnect
{W3N6-R5JL90UB-5598ENIO},07/28/2010 09:59:45,TNM0961,PC-2030,Connect
{F0J9-Y0ML79NW-1200FZCJ},07/28/2010 10:37:48,TNM0961,PC-2030,Disconnect
{O0V9-S5WW50XP-5988DQFL},07/29/2010 13:30:28,TNM0961,PC-2030,Connect
{A8Q0-O0JF76XL-9283JWPG},07/29/2010 13:37:18,TNM0961,PC-2030,Disconnect
{C5D3-M4US96VK-2527RRXG},07/29/2010 14:37:32,TNM0961,PC-2030,Connect
{G3O2-M1VR62QW-3073TCHK},07/29/2010 15:14:36,TNM0961,PC-2030,Disconnect
{I3G5-Q3UA62GU-6681KHCG},07/30/2010 07:55:07,TNM0961,PC-2030,Connect
{Q3K4-D3WI12IU-0386ZHSM},07/30/2010 09:02:06,TNM0961,PC-2030,Disconnect
{C2N4-I1EX27UI-7103XDNE},07/30/2010 10:18:44,TNM0961,PC-2030,Connect
{O3P7-E1RC88LQ-9896XWAJ},07/30/2010 10:38:48,TNM0961,PC-2030,Disconnect
{Q7H7-T8DP64HO-7211SCLD},07/30/2010 13:35:32,TNM0961,PC-2030,Connect
{V0F5-W7KR43SS-4025VRKD},07/30/2010 13:55:52,TNM0961,PC-2030,Disconnect
{V3K9-Z0VD44QZ-3147UHUY},08/02/2010 07:21:22,TNM0961,PC-2030,Connect
{P3G2-E2LJ30NH-2680KUUG},08/02/2010 08:25:03,TNM0961,PC-2030,Disconnect
{F8Y9-D3WI17PJ-9684TAKH},08/02/2010 12:55:37,TNM0961,PC-2030,Connect
{I8C2-U1KO11RH-9054VQYM},08/02/2010 13:07:54,TNM0961,PC-2030,Disconnect
{N6A8-Z8YK20JY-1547FUGA},08/03/2010 08:49:04,TNM0961,PC-2030,Connect
{C2Z9-D9AE78NX-6233IZAY},08/03/2010 09:36:02,TNM0961,PC-2030,Disconnect
{P4F2-Q5RP75GA-9130LQFF},08/03/2010 15:22:49,TNM0961,PC-2030,Connect
{N1K8-K4WS53VJ-0479GRYI},08/03/2010 15:39:35,TNM0961,PC-2030,Disconnect
{L8U5-M8PT57CJ-2639BLSA},08/04/2010 11:12:23,TNM0961,PC-2030,Connect
{Z1G2-Y8VT85TZ-8617NPXZ},08/04/2010 11:41:14,TNM0961,PC-2030,Disconnect
{Q2O3-N9RO06NP-3097OPPP},08/04/2010 13:23:48,TNM0961,PC-2030,Connect
{K3M4-D8JZ82EW-9759FGOO},08/04/2010 13:44:48,TNM0961,PC-2030,Disconnect
{R6F5-X6LL48FI-8816YPAO},08/05/2010 09:46:03,TNM0961,PC-2030,Connect
{K3R7-Q6EK76OS-6171VARN},08/05/2010 10:14:51,TNM0961,PC-2030,Disconnect
{U1S8-S2MR14TC-4670CJJZ},08/05/2010 12:09:06,TNM0961,PC-2030,Connect
{A8Z8-X5FB38BS-7157KCKJ},08/05/2010 12:43:56,TNM0961,PC-2030,Disconnect
{C1O2-T7PM53UR-4898MZOY},08/05/2010 15:45:09,TNM0961,PC-2030,Connect
{I9G6-D0MX24HS-0247SIPD},08/05/2010 15:57:58,TNM0961,PC-2030,Disconnect
{J1W6-I6AF21WF-7836DCUW},08/06/2010 08:04:16,TNM0961,PC-2030,Connect
{Z3F3-A5EW15OQ-1303XRRH},08/06/2010 09:27:02,TNM0961,PC-2030,Disconnect
{R3V9-J2NN53MR-2944GYHN},08/06/2010 12:13:28,TNM0961,PC-2030,Connect
{C8S4-R9YZ31XO-0247FTEL},08/06/2010 12:25:56,TNM0961,PC-2030,Disconnect
{I8M2-R3FJ84KU-5117QFAN},08/06/2010 14:07:23,TNM0961,PC-2030,Connect
{R7L9-V9AA08FV-5498YVBL},08/06/2010 14:24:00,TNM0961,PC-2030,Disconnect
{V2L4-C1RO33GA-6014YJHN},08/09/2010 07:29:13,TNM0961,PC-2030,Connect
{R4T1-K4MK40LC-2202NRUT},08/09/2010 07:40:10,TNM0961,PC-2030,Disconnect
{O4I4-U9TE47VE-9902PQJU},08/09/2010 10:09:03,TNM0961,PC-2030,Connect
{V3H5-M8OY50WE-9267UJKF},08/09/2010 10:15:02,TNM0961,PC-2030,Disconnect
{T7M0-H6QM32LM-5963BSSX},08/09/2010 15:45:00,TNM0961,PC-2030,Connect
{F9C9-P7RU46HP-0853BPGU},08/09/2010 15:53:13,TNM0961,PC-2030,Disconnect
{R6T3-K7SE34NC-1797VAQI},08/10/2010 08:07:36,TNM0961,PC-2030,Connect
{N1S7-B2LA60XE-7243YBWG},08/10/2010 08:20:28,TNM0961,PC-2030,Disconnect
{X3P9-J5EX69ZY-0377ZXTT},08/10/2010 09:12:25,TNM0961,PC-2030,Connect
{V7A5-L5XG71MM-2910OTGI},08/10/2010 09:37:28,TNM0961,PC-2030,Disconnect
{A7L6-W9VA79FN-5131LQZW},08/10/2010 14:32:03,TNM0961,PC-2030,Connect
{G6A0-C5TN89PW-2756KGES},08/10/2010 14:34:41,TNM0961,PC-2030,Disconnect
{S0P9-A8GE83VX-9579LNYG},08/10/2010 15:11:49,TNM0961,PC-2030,Connect
{Y5F1-F3QY99BD-5761STTY},08/10/2010 15:13:24,TNM0961,PC-2030,Disconnect
{A2O5-O5VB95OI-2247IBFM},08/11/2010 09:17:48,TNM0961,PC-2030,Connect
{T5H2-R1XF89AY-8279JRIU},08/11/2010 09:30:44,TNM0961,PC-2030,Disconnect
{Y9I6-W5SQ54XQ-8810URIM},08/11/2010 14:09:55,TNM0961,PC-2030,Connect
{H1B1-Y6NF01JQ-7874HHJP},08/11/2010 14:20:33,TNM0961,PC-2030,Disconnect
{M5K1-J5NW89XP-5706AMDN},08/11/2010 14:57:53,TNM0961,PC-2030,Connect
{C4D4-Z8XN17FE-8289JADP},08/11/2010 15:23:36,TNM0961,PC-2030,Disconnect
{E5V3-S6CS87UM-8329WAWX},08/12/2010 14:07:30,TNM0961,PC-2030,Connect
{B0Q4-F0YL50IY-3930VRUO},08/12/2010 14:34:41,TNM0961,PC-2030,Disconnect
{I9B0-T1JQ93OR-8843RFZI},08/12/2010 15:10:05,TNM0961,PC-2030,Connect
{Z7A8-J8CW94IG-3165HZAC},08/12/2010 15:46:22,TNM0961,PC-2030,Disconnect
{Y1B3-C6CE80OK-0593YRHW},08/16/2010 10:16:51,TNM0961,PC-2030,Connect
{J8U5-W0CO21MA-4994MLQO},08/16/2010 11:11:14,TNM0961,PC-2030,Disconnect
{P0Q4-S4KQ86OR-9044XMKK},08/16/2010 13:58:14,TNM0961,PC-2030,Connect
{D9X0-Q4AU38ZZ-4291RXJC},08/16/2010 14:00:11,TNM0961,PC-2030,Disconnect
{J2B9-B5RH48IK-1850TXVO},08/17/2010 07:27:13,TNM0961,PC-2030,Connect
{Q4A1-J5OI56IO-2110SDVT},08/17/2010 08:06:46,TNM0961,PC-2030,Disconnect
{M7S0-B7SG90LM-6387RVGW},08/17/2010 15:05:35,TNM0961,PC-2030,Connect
{H3K5-H1LU66TF-1563YKWZ},08/17/2010 15:32:53,TNM0961,PC-2030,Disconnect
{T4T4-L1YE64VA-4449LVCF},08/18/2010 13:38:41,TNM0961,PC-2030,Connect
{U8F5-Q2RO94KG-9571QJRE},08/18/2010 14:55:13,TNM0961,PC-2030,Disconnect
{J6J4-B1OA33BU-5184AZZI},08/19/2010 13:15:07,TNM0961,PC-2030,Connect
{Z7E2-V6KZ68UW-7035PTDF},08/19/2010 13:35:40,TNM0961,PC-2030,Disconnect
{Q4Q4-X4EW33LM-9493YMGI},08/20/2010 11:51:01,TNM0961,PC-2030,Connect
{Y0E5-C5BR62WX-3118TNUV},08/20/2010 12:08:42,TNM0961,PC-2030,Disconnect
{T0A7-O6ES99NI-6927SLSX},08/20/2010 13:11:34,TNM0961,PC-2030,Connect
{G7T5-R3FN30KA-8382CXUB},08/20/2010 13:57:08,TNM0961,PC-2030,Disconnect
{H5Z7-B7XW10RJ-6849WRBH},08/23/2010 08:24:27,TNM0961,PC-2030,Connect
{N9G5-O2FY99PT-9599CMUT},08/23/2010 08:44:22,TNM0961,PC-2030,Disconnect
{V3X7-O8YQ90PO-4091SSMI},08/26/2010 14:42:34,TNM0961,PC-2030,Connect
{G7S6-C9VE91JP-7712CMZM},08/26/2010 15:21:57,TNM0961,PC-2030,Disconnect
{N1Z9-T8VR98XM-2880FRUN},08/27/2010 11:57:46,TNM0961,PC-2030,Connect
{E3G7-V4UQ10OU-8722SWIT},08/27/2010 14:17:15,TNM0961,PC-2030,Disconnect
{O4F8-O8BX61AQ-1799PNRJ},08/30/2010 13:11:58,TNM0961,PC-2030,Connect
{K3M8-C0BC54ZR-3974PMKF},08/30/2010 13:29:22,TNM0961,PC-2030,Disconnect
{Z6O9-C7KM97VH-3364PLPX},09/01/2010 13:27:33,TNM0961,PC-2030,Connect
{D8Z2-X9KZ23CL-9907HRIF},09/01/2010 13:28:37,TNM0961,PC-2030,Disconnect
{Y2X6-K3WW86JF-2674LDVA},09/02/2010 07:31:56,TNM0961,PC-2030,Connect
{T5M6-Y3DJ39UX-5514CFAZ},09/02/2010 08:45:00,TNM0961,PC-2030,Disconnect
{X0I1-Y3NP64MU-3381IQDA},09/03/2010 12:54:06,TNM0961,PC-2030,Connect
{H4P7-G6DX02VP-6604IVJW},09/03/2010 13:04:41,TNM0961,PC-2030,Disconnect
{R1R4-F2XU62TF-8785LTIK},09/03/2010 13:09:25,TNM0961,PC-2030,Connect
{Z6N9-V1HM51YY-8752VWLO},09/03/2010 15:19:28,TNM0961,PC-2030,Disconnect
{F3S2-D8KQ34HW-4741LXBA},09/07/2010 08:26:23,TNM0961,PC-2030,Connect
{G2L1-D4DT39XN-3890BWKB},09/07/2010 08:57:08,TNM0961,PC-2030,Disconnect
{R1I5-I6PU65SA-7448YHYP},09/08/2010 09:00:50,TNM0961,PC-2030,Connect
{M5R2-A6OK17MY-9399TKUB},09/08/2010 09:33:07,TNM0961,PC-2030,Disconnect
{O5N8-Y2CR36AA-5066ZLZE},09/08/2010 15:21:03,TNM0961,PC-2030,Connect
{D6R3-U7DJ78NJ-5852JGZG},09/08/2010 16:09:11,TNM0961,PC-2030,Disconnect
{M8N4-K2EM01NL-5330XOKM},09/09/2010 07:25:06,TNM0961,PC-2030,Connect
{G7O7-A2VC86CI-5301LHHO},09/09/2010 09:57:28,TNM0961,PC-2030,Disconnect
{W5L0-A7DS31UR-8530BGVC},09/09/2010 15:38:01,TNM0961,PC-2030,Connect
{J1R0-C7CK91NT-7110YMRY},09/09/2010 16:02:29,TNM0961,PC-2030,Disconnect
{Q9G7-J8OJ82PE-9486ZVHF},09/10/2010 13:38:00,TNM0961,PC-2030,Connect
{I5Y6-L3KJ14MF-9015YRUQ},09/10/2010 13:51:09,TNM0961,PC-2030,Disconnect
{C4L2-M9QD83UU-5783MFRS},09/13/2010 12:24:08,TNM0961,PC-2030,Connect
{O0Q6-V7NC49HN-2911EAMJ},09/13/2010 12:26:34,TNM0961,PC-2030,Disconnect
{D0B0-H8SG96FT-0555ZXDN},09/13/2010 12:53:29,TNM0961,PC-2030,Connect
{B0I2-X1UH29XV-9101NLUT},09/13/2010 13:23:15,TNM0961,PC-2030,Disconnect
{S6S9-T0KI40ZP-8822HYQO},09/13/2010 13:45:03,TNM0961,PC-2030,Connect
{B9A1-Z8YT11BQ-8071MZIP},09/13/2010 14:06:39,TNM0961,PC-2030,Disconnect
{W3Z3-I5IC76DZ-3310FPAI},09/14/2010 07:50:53,TNM0961,PC-2030,Connect
{D5H8-V5PC82AH-4948HODD},09/14/2010 08:01:47,TNM0961,PC-2030,Disconnect
{P7R3-Z1AP72XQ-6797RPAT},09/15/2010 07:59:10,TNM0961,PC-2030,Connect
{M6R8-U7DD45GY-0505TMMK},09/15/2010 09:00:54,TNM0961,PC-2030,Disconnect
{E9Y0-J5BK24YS-6243BIBG},09/15/2010 09:56:33,TNM0961,PC-2030,Connect
{X2S1-Q5HN71MS-1784BEWS},09/15/2010 10:01:00,TNM0961,PC-2030,Disconnect
{R1G7-S9VF93EH-9701OPLZ},09/15/2010 13:45:12,TNM0961,PC-2030,Connect
{X1Z8-D7LK64DV-6698GIEY},09/15/2010 14:34:12,TNM0961,PC-2030,Disconnect
{W2S0-F5XR84BB-4551MLHR},09/16/2010 10:07:28,TNM0961,PC-2030,Connect
{G6H4-I0ZF22GE-9682BTRK},09/16/2010 10:19:09,TNM0961,PC-2030,Disconnect
{P8X0-N6CV30VP-0134HDRS},09/16/2010 13:15:01,TNM0961,PC-2030,Connect
{T8G5-N9HR27PR-5958DDYG},09/16/2010 14:16:43,TNM0961,PC-2030,Disconnect
{T1W4-B1XR48TD-1726WNYJ},09/17/2010 09:26:32,TNM0961,PC-2030,Connect
{H5Z5-K6YN28ZD-0804EEWZ},09/17/2010 09:52:42,TNM0961,PC-2030,Disconnect
{W3F3-V7LX09NH-7932DKGQ},09/17/2010 14:33:37,TNM0961,PC-2030,Connect
{L9T4-R4VS34NU-0147EKZJ},09/17/2010 15:08:35,TNM0961,PC-2030,Disconnect
{Z7A9-O7FE41DF-1421CZAB},09/20/2010 09:22:54,TNM0961,PC-2030,Connect
{B3Y5-C3HG63QQ-4683DTTT},09/20/2010 09:47:01,TNM0961,PC-2030,Disconnect
{W7A2-U7HX92DX-4233LBEU},09/21/2010 09:11:03,TNM0961,PC-2030,Connect
{U6Z0-E5GC05QD-1701UZON},09/21/2010 09:46:54,TNM0961,PC-2030,Disconnect
{G2B0-N3AA41LV-7039YFDG},09/21/2010 14:29:19,TNM0961,PC-2030,Connect
{E6H9-E1CZ74UM-0556AZVZ},09/21/2010 14:42:48,TNM0961,PC-2030,Disconnect
{Y6G0-V5OQ13HN-5259WXEP},09/22/2010 12:55:14,TNM0961,PC-2030,Connect
{L7O1-P8HP96SU-8491TJBY},09/22/2010 13:39:53,TNM0961,PC-2030,Disconnect
{F5M8-E6YR08VR-1225QHHQ},09/22/2010 14:51:07,TNM0961,PC-2030,Connect
{H2S1-B7XS12OI-8500WNNU},09/22/2010 15:48:40,TNM0961,PC-2030,Disconnect
{H6Q2-R4JV08HE-2530WTQQ},09/23/2010 09:34:52,TNM0961,PC-2030,Connect
{N2E7-N7KT56VX-1065YBXH},09/23/2010 09:44:14,TNM0961,PC-2030,Disconnect
{G8Y1-Y5VR90GC-3499NWLB},09/23/2010 11:38:23,TNM0961,PC-2030,Connect
{T9O3-W6VP31VD-2779XDCJ},09/23/2010 11:47:05,TNM0961,PC-2030,Disconnect
{N0E8-V4OF82WM-0772JVZJ},09/23/2010 12:29:56,TNM0961,PC-2030,Connect
{Z6M9-O5ZF19ED-1265OHGX},09/23/2010 12:30:13,TNM0961,PC-2030,Disconnect
{Y9N0-G5LO51BL-5451ULAY},09/23/2010 12:32:48,TNM0961,PC-2030,Connect
{W2Z1-S3KD25XN-3502KRVY},09/23/2010 15:10:33,TNM0961,PC-2030,Disconnect
{K0Y6-I4VL06KK-7635LGZO},09/24/2010 08:26:17,TNM0961,PC-2030,Connect
{O4V1-X0TJ35ZP-0002OPTY},09/24/2010 08:28:17,TNM0961,PC-2030,Disconnect
{A2N3-C6MM74HF-5721MZTR},09/24/2010 09:41:59,TNM0961,PC-2030,Connect
{H8Y9-L6TT87DM-4395TBTM},09/24/2010 09:42:16,TNM0961,PC-2030,Disconnect
{W4V6-X5UB40MP-6193SPQK},09/24/2010 13:04:22,TNM0961,PC-2030,Connect
{Y6C0-S7TW78BX-7346XZOZ},09/24/2010 13:05:39,TNM0961,PC-2030,Disconnect
{B8F3-B4LJ10WZ-9765KQDX},09/24/2010 15:46:06,TNM0961,PC-2030,Connect
{V4Z6-R9XH88XS-1224LEWA},09/24/2010 16:05:01,TNM0961,PC-2030,Disconnect
{F4K0-X6XN73XY-3968EUMI},09/27/2010 08:08:11,TNM0961,PC-2030,Connect
{V5F0-S0YQ64WF-8650RCFR},09/27/2010 08:09:22,TNM0961,PC-2030,Disconnect
{M4E0-G0SB32PG-2672OUPF},09/27/2010 13:12:51,TNM0961,PC-2030,Connect
{N6O9-I8EY90GZ-2002FYAR},09/27/2010 13:31:12,TNM0961,PC-2030,Disconnect
{G3D4-K5OC20SF-1569IQJU},09/27/2010 15:10:23,TNM0961,PC-2030,Connect
{C8C0-G0SU31MJ-2917JDPP},09/27/2010 15:34:15,TNM0961,PC-2030,Disconnect
{R2H5-L1NR37DW-0423YFUH},09/28/2010 07:06:22,TNM0961,PC-2030,Connect
{A2R0-B2YI77ZR-7575MPBO},09/28/2010 07:06:46,TNM0961,PC-2030,Disconnect
{D3E2-F1VF92UK-4413WXKL},09/28/2010 13:08:55,TNM0961,PC-2030,Connect
{O8N0-C6EH76SV-8942MMBY},09/28/2010 13:10:11,TNM0961,PC-2030,Disconnect
{O1L1-F5CT89AS-4554ZSEL},09/29/2010 07:24:17,TNM0961,PC-2030,Connect
{B6T1-P1WU57PT-7655NLMW},09/29/2010 08:22:59,TNM0961,PC-2030,Disconnect
{Z4J4-Q9SX15ZZ-6437BKPF},09/29/2010 10:48:37,TNM0961,PC-2030,Connect
{F1X4-L1OM89GX-5259IWDJ},09/29/2010 11:00:33,TNM0961,PC-2030,Disconnect
{P8K4-J8RZ20AZ-0128LSCA},09/29/2010 12:20:42,TNM0961,PC-2030,Connect
{B2J4-N7DJ99RA-2507YMVF},09/29/2010 12:37:05,TNM0961,PC-2030,Disconnect
{D1P8-V0RA39IP-5912GRPK},09/29/2010 12:55:32,TNM0961,PC-2030,Connect
{U1U7-G5ZS82HO-8367LKPG},09/29/2010 13:16:39,TNM0961,PC-2030,Disconnect
{A9V5-G4LP39HI-5039MYUK},09/30/2010 15:45:07,TNM0961,PC-2030,Connect
{K1R5-Z6FW04IH-3986RADX},09/30/2010 15:47:30,TNM0961,PC-2030,Disconnect
{M7S9-W4ZF45MX-1217NFUI},10/01/2010 07:24:48,TNM0961,PC-2030,Connect
{V4Z7-Q9GB31VU-7968CGSZ},10/01/2010 08:42:29,TNM0961,PC-2030,Disconnect
{O9M0-E8KL77FR-9183POOG},10/01/2010 13:35:57,TNM0961,PC-2030,Connect
{I2A2-P5LH99ZH-1753OZKT},10/01/2010 13:40:37,TNM0961,PC-2030,Disconnect
{S5A1-N2RU21KE-3644KCLY},10/04/2010 12:57:56,TNM0961,PC-2030,Connect
{X2D8-N3OY72RW-3995KTEB},10/04/2010 13:00:26,TNM0961,PC-2030,Disconnect
{O0N9-S4ZW57LC-0446IXSE},10/04/2010 15:11:44,TNM0961,PC-2030,Connect
{N2E4-O5OB11XL-9948VTVR},10/04/2010 15:26:27,TNM0961,PC-2030,Disconnect
{U4X6-Q5TN98BP-8471TDLM},10/05/2010 07:41:07,TNM0961,PC-2030,Connect
{M4D5-E8FE40GR-6254QHAZ},10/05/2010 08:50:02,TNM0961,PC-2030,Disconnect
{L5W8-U5KY16KH-4943TMCC},10/05/2010 15:15:33,TNM0961,PC-2030,Connect
{O7U0-Z5LU41NV-2430BUJW},10/06/2010 10:39:21,TNM0961,PC-2030,Connect
{V8Q9-Q2NR17GD-5478NUJS},10/06/2010 11:17:09,TNM0961,PC-2030,Disconnect
{W4E9-E8DV50CK-2781OTQV},10/06/2010 15:24:25,TNM0961,PC-2030,Connect
{T9G6-P7IA40YX-6151SXAF},10/06/2010 15:38:38,TNM0961,PC-2030,Disconnect
{H7B4-G1WZ68XH-6180GVIN},10/07/2010 13:48:46,TNM0961,PC-2030,Connect
{E9N9-W5IU32JN-3816ODHF},10/07/2010 13:55:02,TNM0961,PC-2030,Disconnect
{Q4V0-M7BE67WH-6388RMSE},10/07/2010 14:53:00,TNM0961,PC-2030,Connect
{F1A6-R3TM94VX-7012NYYF},10/07/2010 15:37:21,TNM0961,PC-2030,Disconnect
{Z4N4-U9NS56HW-4316XGPT},10/08/2010 09:16:44,TNM0961,PC-2030,Connect
{A2R5-M6PP82HV-3099UHAR},10/08/2010 09:51:16,TNM0961,PC-2030,Disconnect
{X1H4-X7KD17HL-9525RJDJ},10/08/2010 09:55:06,TNM0961,PC-2030,Connect
{E3U8-S2XX25FT-1835DYQJ},10/08/2010 10:10:47,TNM0961,PC-2030,Disconnect
{G5I9-G9DC03TV-5127ULEM},10/08/2010 14:52:00,TNM0961,PC-2030,Connect
{W1N3-Z0QA90MC-1654UNHD},10/08/2010 15:48:23,TNM0961,PC-2030,Disconnect
{C1S1-T8EB60XA-8883KSQJ},10/11/2010 08:26:02,TNM0961,PC-2030,Connect
{S6E1-A5AR05FX-8979IWBV},10/11/2010 08:57:55,TNM0961,PC-2030,Disconnect
{I2S5-I7UU11TZ-0997QABZ},10/11/2010 14:58:57,TNM0961,PC-2030,Connect
{I0E5-Y6QR68CV-0295QTBD},10/11/2010 15:22:51,TNM0961,PC-2030,Disconnect
{N9B2-T0LS14FX-0617HBUJ},10/12/2010 08:23:04,TNM0961,PC-2030,Connect
{A1Q6-Z6BX84ZT-7563JTYQ},10/12/2010 08:31:24,TNM0961,PC-2030,Disconnect
{Y8A6-I3US32CQ-5504ZHXF},10/12/2010 11:43:45,TNM0961,PC-2030,Connect
{E4X9-Z4RX46PY-8433RXUK},10/12/2010 12:34:05,TNM0961,PC-2030,Disconnect
{G1B7-Y3YJ54YL-5506AEBT},10/13/2010 10:35:19,TNM0961,PC-2030,Connect
{E9K8-Y1AB38DT-5505ATKS},10/13/2010 11:34:00,TNM0961,PC-2030,Disconnect
{T7N4-R1KO47FU-2458VBZW},10/14/2010 13:39:28,TNM0961,PC-2030,Connect
{Y1A4-S0IN10TU-4820RLCA},10/14/2010 14:48:09,TNM0961,PC-2030,Disconnect
{Y0X5-N2LJ50MA-6125RCRQ},10/15/2010 09:52:00,TNM0961,PC-2030,Connect
{S9U8-R9LE48RF-8573MBVC},10/15/2010 10:35:27,TNM0961,PC-2030,Disconnect
{X6I4-V4ZL29YQ-6838ZUML},10/15/2010 13:42:02,TNM0961,PC-2030,Connect
{T7W2-U1PP17QK-8881ZQTF},10/15/2010 14:07:51,TNM0961,PC-2030,Disconnect
{I8F4-G3QA70NV-7315CCTR},10/18/2010 08:47:52,TNM0961,PC-2030,Connect
{E9R8-E5UD93DX-2289FNRV},10/18/2010 09:57:48,TNM0961,PC-2030,Disconnect
{B6Z2-H3ND31AK-4797VQLT},10/18/2010 14:51:35,TNM0961,PC-2030,Connect
{I4Z2-X3MG46JM-6950MGGT},10/18/2010 15:25:04,TNM0961,PC-2030,Disconnect
{B1A8-Y5NJ50UA-8329JPZY},10/19/2010 07:14:21,TNM0961,PC-2030,Connect
{A3F9-Z3QI55FF-8022XXWV},10/19/2010 07:17:35,TNM0961,PC-2030,Disconnect
{B1T0-N8PX24LZ-2218TRYQ},10/19/2010 09:18:12,TNM0961,PC-2030,Connect
{Q8R9-L4LH09LB-0185ERED},10/19/2010 09:42:38,TNM0961,PC-2030,Disconnect
{F2Z8-A5YY09DN-8360HDUL},10/19/2010 10:37:53,TNM0961,PC-2030,Connect
{F1R4-O1WK27VJ-7011DLHB},10/19/2010 11:14:20,TNM0961,PC-2030,Disconnect
{I6G4-X2PB08WO-4248MHTQ},10/20/2010 09:33:26,TNM0961,PC-2030,Connect
{S9B4-D2QE73SP-3606MWND},10/20/2010 10:06:29,TNM0961,PC-2030,Disconnect
{V1A7-O3RH36GM-0325VUAO},10/21/2010 07:23:25,TNM0961,PC-2030,Connect
{H4I0-L6TY30JR-7173VZJE},10/21/2010 07:29:02,TNM0961,PC-2030,Disconnect
{A1G6-P7YP41YM-9318JQNR},10/21/2010 10:19:56,TNM0961,PC-2030,Connect
{N6D8-U7XJ78OF-6035WYTV},10/21/2010 10:41:13,TNM0961,PC-2030,Disconnect
{C6U8-W2QP42JG-5248BXGK},10/22/2010 07:41:45,TNM0961,PC-2030,Connect
{W8F1-L6OT87DT-8528FKER},10/22/2010 08:01:46,TNM0961,PC-2030,Disconnect
{G3V2-R8PU50IB-2601ACTJ},10/22/2010 10:14:50,TNM0961,PC-2030,Connect
{K9E1-F1GQ70RB-0774ZHYE},10/22/2010 10:31:23,TNM0961,PC-2030,Disconnect
{O3D1-A1FQ19CM-7731JBLY},10/22/2010 14:40:13,TNM0961,PC-2030,Connect
{I9Q1-V9LO25HO-1459WHBO},10/22/2010 15:06:40,TNM0961,PC-2030,Disconnect
{G3W0-M8AI47GZ-7989IASW},10/25/2010 07:52:18,TNM0961,PC-2030,Connect
{X5X1-W9UL99JG-0505MAXC},10/25/2010 07:59:23,TNM0961,PC-2030,Disconnect
{K9T3-Q3RT50FM-6741INDD},10/25/2010 12:21:48,TNM0961,PC-2030,Connect
{Q3I2-K1GE96KA-5811UGGT},10/25/2010 12:30:14,TNM0961,PC-2030,Disconnect
{C1E4-C9XK01ID-1027YXWH},10/26/2010 08:50:35,TNM0961,PC-2030,Connect
{R2S8-Y5RV64GR-6735RTTC},10/26/2010 09:10:34,TNM0961,PC-2030,Disconnect
{C9F4-G8IK68HY-4281LMUP},10/26/2010 12:45:41,TNM0961,PC-2030,Connect
{Z2K9-L7AH30XT-0827UDSE},10/26/2010 12:58:42,TNM0961,PC-2030,Disconnect
{U8M9-M5DW35HR-7859YGHZ},10/27/2010 10:07:03,TNM0961,PC-2030,Connect
{O1L1-A1HK96SD-5862ZPKR},10/27/2010 10:13:10,TNM0961,PC-2030,Disconnect
{U0N4-M4YT84AY-3928MUVJ},10/27/2010 10:20:53,TNM0961,PC-2030,Connect
{X9Z7-S3OX85KN-9436FZPE},10/27/2010 10:24:12,TNM0961,PC-2030,Disconnect
{N9P3-B0WU53IC-3979LHLX},10/27/2010 10:28:31,TNM0961,PC-2030,Connect
{V3V4-S7VX14BJ-4072TBJL},10/27/2010 10:31:05,TNM0961,PC-2030,Disconnect
{V7I5-L4NJ56CK-1697DNMS},10/27/2010 10:34:58,TNM0961,PC-2030,Connect
{G4M1-W5YM95FN-9813GXTM},10/27/2010 10:45:31,TNM0961,PC-2030,Disconnect
{N7O7-K3LQ69FZ-9381NVHU},10/28/2010 08:10:52,TNM0961,PC-2030,Connect
{M8L7-X0JY43EP-0339RXXG},10/28/2010 08:27:21,TNM0961,PC-2030,Disconnect
{K5E2-H7TA70WA-2101EQSL},10/28/2010 09:11:40,TNM0961,PC-2030,Connect
{K6P2-A6XN66HL-3534YFEC},10/28/2010 09:57:04,TNM0961,PC-2030,Disconnect
{B5C5-X7AL09JX-2494FKPQ},10/28/2010 13:48:49,TNM0961,PC-2030,Connect
{L8H2-L9LH86SH-3818YQEU},10/28/2010 14:16:16,TNM0961,PC-2030,Disconnect
{T0G5-O0LG61ZP-3297GRSX},10/28/2010 15:43:53,TNM0961,PC-2030,Connect
{C8F4-K4HA35TS-9556AWJK},10/28/2010 15:47:52,TNM0961,PC-2030,Disconnect
{G0A3-C6YL21ST-9521FXTY},10/29/2010 13:44:57,TNM0961,PC-2030,Connect
{L4N8-Z0HT05OZ-8309NDUD},10/29/2010 14:17:47,TNM0961,PC-2030,Disconnect
{Y6L2-K7EY75DK-5217ZKIU},11/02/2010 12:30:29,TNM0961,PC-2030,Connect
{B5P9-T7RF10SC-0562WOEV},11/02/2010 12:54:14,TNM0961,PC-2030,Disconnect
{J5Y5-Z9WF34NO-2009IWTO},11/02/2010 13:04:59,TNM0961,PC-2030,Connect
{B8A0-E0BK69HT-2552RYER},11/02/2010 13:24:37,TNM0961,PC-2030,Disconnect
{D5H6-U7JZ41JY-1961HUOQ},11/02/2010 15:12:34,TNM0961,PC-2030,Connect
{H4K1-L9AC96QS-5631WEIV},11/02/2010 15:13:24,TNM0961,PC-2030,Disconnect
{Q1H9-Y1TN35GO-9890KSCZ},11/03/2010 10:57:53,TNM0961,PC-2030,Connect
{F1G6-N4DN33FG-1318DDNO},11/03/2010 11:14:21,TNM0961,PC-2030,Disconnect
{A1D8-B9CX96JF-5598MRHL},11/03/2010 12:45:02,TNM0961,PC-2030,Connect
{K9Z6-X3LX49TJ-1729BFCM},11/03/2010 13:42:51,TNM0961,PC-2030,Disconnect
{X7A2-X1VQ69ME-8528GAVW},11/04/2010 07:44:14,TNM0961,PC-2030,Connect
{R1H3-S2QL13PE-5887XPKL},11/04/2010 08:07:21,TNM0961,PC-2030,Disconnect
{D9E7-O8CA30VH-2324SBVF},11/04/2010 11:20:00,TNM0961,PC-2030,Connect
{O1A2-N1QW86DL-3603TKBO},11/04/2010 11:28:55,TNM0961,PC-2030,Disconnect
{V1B4-Q6JN74YL-9046FOAT},11/04/2010 13:57:42,TNM0961,PC-2030,Connect
{H9C0-G6DG03MI-0035ZJFY},11/04/2010 14:02:56,TNM0961,PC-2030,Disconnect
{L2L2-O8RV37IS-4671VVII},11/05/2010 08:48:42,TNM0961,PC-2030,Connect
{H1S0-Q5ZZ06ZW-1509QFXO},11/05/2010 09:00:20,TNM0961,PC-2030,Disconnect
{Z4W8-P1UB74NS-2109BSMP},11/05/2010 14:45:12,TNM0961,PC-2030,Connect
{C6U5-X0JV40BT-6812JDGI},11/05/2010 14:49:47,TNM0961,PC-2030,Disconnect
{P6Z1-X7QP63BY-5803LCSF},11/08/2010 08:37:52,TNM0961,PC-2030,Connect
{I2Q0-U1IJ36CQ-4860FLBZ},11/08/2010 08:57:50,TNM0961,PC-2030,Disconnect
{H7B9-I3EX84WY-3815HZUY},11/08/2010 09:31:16,TNM0961,PC-2030,Connect
{F7Q7-Y5EG77LC-1167WJUT},11/08/2010 09:35:48,TNM0961,PC-2030,Disconnect
{J0A6-K2MV43SO-0922DHHY},11/08/2010 11:55:05,TNM0961,PC-2030,Connect
{Q0Z7-Y5PO22OM-0456YZGP},11/08/2010 12:15:56,TNM0961,PC-2030,Disconnect
{W0K3-D8HT96NF-8665TOAA},11/08/2010 12:59:05,TNM0961,PC-2030,Connect
{I8U4-B5XI38DM-9136WXFN},11/08/2010 13:05:10,TNM0961,PC-2030,Disconnect
{L2X4-L6SR93IW-5640GJFS},11/08/2010 13:41:13,TNM0961,PC-2030,Connect
{W1Z8-V1MY25ZN-3675MLQZ},11/08/2010 14:08:58,TNM0961,PC-2030,Disconnect
{X2A8-P8BR83RF-5159FOVV},11/09/2010 14:56:04,TNM0961,PC-2030,Connect
{I9I6-U5XT38CP-0082VSTY},11/09/2010 15:11:59,TNM0961,PC-2030,Disconnect
{E6W8-F3ZJ32EA-5258SVRR},11/10/2010 11:47:53,TNM0961,PC-2030,Connect
{L8G2-Q5AU21ON-2247ZRGT},11/10/2010 11:52:03,TNM0961,PC-2030,Disconnect
{K3B5-X4SD70SY-0842JAHM},11/10/2010 12:26:23,TNM0961,PC-2030,Connect
{C1R7-I9CA24IQ-5018ZGPZ},11/10/2010 15:43:36,TNM0961,PC-2030,Connect
{J7M7-D4VJ45CI-1855WJYX},11/10/2010 16:11:52,TNM0961,PC-2030,Disconnect
{M4E4-N7IL02PM-9799JTTF},11/11/2010 07:11:46,TNM0961,PC-2030,Connect
{P1D0-L2AM21YF-7456TVQN},11/11/2010 08:46:50,TNM0961,PC-2030,Disconnect
{U1I4-M8JK14PO-3472SGOE},11/11/2010 12:22:18,TNM0961,PC-2030,Connect
{J4B6-S1QU14KY-5263JYAM},11/11/2010 12:59:16,TNM0961,PC-2030,Disconnect
{P1I6-D5SG97JK-8594LVOZ},11/12/2010 07:23:20,TNM0961,PC-2030,Connect
{G4E9-S5HQ86EK-6297UPLY},11/12/2010 07:46:58,TNM0961,PC-2030,Disconnect
{V3R2-P3BT17QV-4889NLJT},11/12/2010 13:42:47,TNM0961,PC-2030,Connect
{Y1J7-D0KD33TL-2687ILOO},11/12/2010 14:06:43,TNM0961,PC-2030,Disconnect
{P1J4-A2HJ15QQ-5433RMMI},11/15/2010 09:24:21,TNM0961,PC-2030,Connect
{S1V2-N7LX55VP-0387AMLO},11/15/2010 09:27:58,TNM0961,PC-2030,Disconnect
{E2E7-X7QZ02PQ-0960KELC},11/16/2010 07:13:48,TNM0961,PC-2030,Connect
{L2B2-J5HX98EJ-4810CYFZ},11/16/2010 07:21:24,TNM0961,PC-2030,Disconnect
{U2B6-M0LU69XN-3423UURP},11/16/2010 07:51:00,TNM0961,PC-2030,Connect
{M5X9-O8SF37QI-3393REBW},11/16/2010 08:05:50,TNM0961,PC-2030,Disconnect
{Z6G5-H9UD67OR-6731SIGO},11/16/2010 08:26:09,TNM0961,PC-2030,Connect
{W5D6-H5DD40WX-4706WDMB},11/16/2010 08:27:27,TNM0961,PC-2030,Disconnect
{L9F3-Q9ZA24TQ-6708XCJQ},11/16/2010 09:02:01,TNM0961,PC-2030,Connect
{F4K8-Q8BF15SF-0528RHYL},11/16/2010 09:04:51,TNM0961,PC-2030,Disconnect
{Y7X4-H1HO40WG-6056CPJF},11/16/2010 09:08:06,TNM0961,PC-2030,Connect
{W4T3-G2HA01ZL-0239PMYT},11/16/2010 09:45:20,TNM0961,PC-2030,Disconnect
{U3U8-N1FU96RM-7243KVCO},11/16/2010 13:35:46,TNM0961,PC-2030,Connect
{J4F2-S7BI56XK-2431VJMI},11/16/2010 14:07:50,TNM0961,PC-2030,Disconnect
{G4I9-X1EO89IY-7210IPKD},11/16/2010 14:47:06,TNM0961,PC-2030,Connect
{I1N2-Q1KL69KU-0196HWQB},11/16/2010 15:10:10,TNM0961,PC-2030,Disconnect
{B6I9-V2YE05SN-6990PFUA},11/16/2010 15:50:00,TNM0961,PC-2030,Connect
{F0Y6-E7LH77UJ-9088OCUE},11/16/2010 16:09:02,TNM0961,PC-2030,Disconnect
{C6W4-D7WU23JJ-3358ZTTW},11/16/2010 16:15:41,TNM0961,PC-2030,Connect
{Q9B8-U4OY36AL-5310QESJ},11/16/2010 16:18:14,TNM0961,PC-2030,Disconnect
{G9P0-Y9KH79LV-6532QQMY},11/17/2010 08:46:37,TNM0961,PC-2030,Connect
{D3V1-Q1MC95OD-2932NDKD},11/17/2010 09:16:32,TNM0961,PC-2030,Disconnect
{T6E4-C6TS02OR-4927UJPT},11/17/2010 11:55:05,TNM0961,PC-2030,Connect
{A9T4-R5UC61ZU-7503UJEU},11/17/2010 12:51:02,TNM0961,PC-2030,Disconnect
{N9O3-J5YF40UF-6956KNFP},11/18/2010 07:53:48,TNM0961,PC-2030,Connect
{C1X0-Y9BX68AL-0181RRBR},11/18/2010 08:10:52,TNM0961,PC-2030,Disconnect
{R4T0-T9ES48MY-7894PVEX},11/18/2010 12:57:08,TNM0961,PC-2030,Connect
{O2I3-B3AL48VL-2509QEKZ},11/18/2010 13:39:24,TNM0961,PC-2030,Disconnect
{Z2X1-M3GV52AH-8194FHFO},11/19/2010 08:06:02,TNM0961,PC-2030,Connect
{X0S3-D2WZ12CN-1486KPFL},11/19/2010 08:21:11,TNM0961,PC-2030,Disconnect
{H9R6-G8WK33GK-6002SMUF},11/19/2010 09:05:26,TNM0961,PC-2030,Connect
{O9B3-A5HU56OD-2773WAHH},11/19/2010 09:13:49,TNM0961,PC-2030,Disconnect
{Q9J1-S6XX07AZ-2008DPRE},11/19/2010 10:05:44,TNM0961,PC-2030,Connect
{L5Q6-D3JC15KD-8953LHQA},11/19/2010 10:20:22,TNM0961,PC-2030,Disconnect
{P4E3-G7OK65OM-1120YQXI},11/19/2010 14:00:03,TNM0961,PC-2030,Connect
{Q5J3-Z4IH60AQ-0159QNON},11/19/2010 14:01:39,TNM0961,PC-2030,Disconnect
{I9Z0-V3CT16UM-9683UTUJ},11/19/2010 15:01:06,TNM0961,PC-2030,Connect
{G9A6-D5ZM81CO-5931LOVX},11/19/2010 15:21:12,TNM0961,PC-2030,Disconnect
{Q6L9-X6AB75FH-9145MPVX},11/22/2010 07:46:18,TNM0961,PC-2030,Connect
{U8I3-T6HN67OI-4890MSWD},11/22/2010 08:14:22,TNM0961,PC-2030,Disconnect
{L6Y9-X2VL19ZU-0708EOKF},11/22/2010 08:41:54,TNM0961,PC-2030,Connect
{B4F4-N3RM79LR-0536EDSF},11/22/2010 08:52:02,TNM0961,PC-2030,Disconnect
{A5Q6-C3BD73MG-0820BWPV},11/22/2010 10:48:25,TNM0961,PC-2030,Connect
{U8S1-U5NO34JO-3212XXMC},11/22/2010 11:22:55,TNM0961,PC-2030,Disconnect
{I1J3-I9NB48TL-5620ORWZ},11/22/2010 14:01:29,TNM0961,PC-2030,Connect
{T8O6-K7GR44JD-1350XBCC},11/22/2010 14:32:31,TNM0961,PC-2030,Disconnect
{V3R0-Z3YN79HY-3316LPAH},11/22/2010 14:50:11,TNM0961,PC-2030,Connect
{B2J9-T2MM10DG-1497GWCL},11/22/2010 15:09:51,TNM0961,PC-2030,Disconnect
{Q7X9-C2CZ09XM-4812TKYA},11/22/2010 16:03:17,TNM0961,PC-2030,Connect
{B9D1-N7KY90XQ-0034SWEG},11/22/2010 16:08:12,TNM0961,PC-2030,Disconnect
{S4O5-Z4OP76XW-9106YHHS},11/23/2010 14:28:11,TNM0961,PC-2030,Connect
{D0X4-O3CV87RH-3750CUQL},11/23/2010 15:10:42,TNM0961,PC-2030,Disconnect
{M8F3-W5UA62ZA-7321OTCL},11/24/2010 09:28:49,TNM0961,PC-2030,Connect
{M1M5-N8IX66JG-0848PMCE},11/24/2010 10:01:52,TNM0961,PC-2030,Disconnect
{Z7J6-R6NL30MZ-0476YRCB},11/24/2010 15:30:17,TNM0961,PC-2030,Connect
{C1T1-S0QO88XX-8979AIFI},11/24/2010 16:06:03,TNM0961,PC-2030,Disconnect
{X2J6-S5SE60ZB-6522LBFU},11/29/2010 08:22:49,TNM0961,PC-2030,Connect
{U8W4-U5ZF71BB-9831CQZH},11/29/2010 08:39:29,TNM0961,PC-2030,Disconnect
{K0W2-F4RU42GI-6959VKYK},11/29/2010 09:00:14,TNM0961,PC-2030,Connect
{G0H2-G8KI24HK-6853TUBB},11/29/2010 10:36:31,TNM0961,PC-2030,Disconnect
{K1U9-H9BU99HD-8238EEHY},11/29/2010 13:30:13,TNM0961,PC-2030,Connect
{I9Y6-H4RX45BH-5951LUZH},11/29/2010 13:44:48,TNM0961,PC-2030,Disconnect
{C0A8-J1WQ34YV-3957IWXF},11/30/2010 09:07:54,TNM0961,PC-2030,Connect
{P1I0-T0QU25ZV-2820NXFV},11/30/2010 09:41:08,TNM0961,PC-2030,Disconnect
{N8M8-A6OV73FA-4656FREX},11/30/2010 09:41:26,TNM0961,PC-2030,Connect
{Y2G7-U9UH14VE-4764WXIS},11/30/2010 09:55:11,TNM0961,PC-2030,Disconnect
{W0G7-V5TX28BY-7774XQWF},11/30/2010 11:44:11,TNM0961,PC-2030,Connect
{L0P6-Z3YH02TC-1892LFEA},11/30/2010 11:45:06,TNM0961,PC-2030,Disconnect
{V2L8-R4DS28GH-6250PMVG},12/01/2010 07:37:55,TNM0961,PC-2030,Connect
{X8S2-T3LM12HY-9609TBGQ},12/01/2010 07:43:18,TNM0961,PC-2030,Disconnect
{C9P8-Z7UC23CW-5403KTMR},12/01/2010 08:58:12,TNM0961,PC-2030,Connect
{U5Q1-G3LL45GV-6838KRBW},12/01/2010 08:58:52,TNM0961,PC-2030,Disconnect
{A7Q1-Y6FZ76IO-8997ILWM},12/01/2010 09:01:37,TNM0961,PC-2030,Connect
{O7V0-B8LJ26DX-2538OBGB},12/01/2010 09:38:57,TNM0961,PC-2030,Disconnect
{D6P3-S6ZZ91KO-2322KEYD},12/01/2010 10:29:45,TNM0961,PC-2030,Connect
{H1H8-T4FK57YP-0132TDQT},12/01/2010 10:31:31,TNM0961,PC-2030,Disconnect
{W4J4-O9GT27JV-5254HOCQ},12/01/2010 12:26:27,TNM0961,PC-2030,Connect
{R9E3-N7SR94AA-5553OFJZ},12/01/2010 12:44:20,TNM0961,PC-2030,Disconnect
{Z3U7-O9TF69UX-9776QPUN},12/01/2010 14:57:58,TNM0961,PC-2030,Connect
{P3H2-N0BP10GY-5242JLUG},12/01/2010 15:36:27,TNM0961,PC-2030,Disconnect
{E0Q1-D3UE87YZ-4465KOQL},12/01/2010 15:51:03,TNM0961,PC-2030,Connect
{M6A0-T1LL82NL-2969FLUL},12/01/2010 16:09:44,TNM0961,PC-2030,Disconnect
{Z3O6-H4ML76YX-9269KVEA},12/02/2010 08:25:48,TNM0961,PC-2030,Connect
{G6J4-K6NX17AO-2314SNNE},12/02/2010 08:26:07,TNM0961,PC-2030,Disconnect
{E1F7-S4DS24VS-0001HDHP},12/02/2010 08:38:36,TNM0961,PC-2030,Connect
{W7T4-H3AO73AE-0003STRT},12/02/2010 08:40:53,TNM0961,PC-2030,Disconnect
{N8T0-I0UN35VK-1223CWCZ},12/02/2010 09:21:32,TNM0961,PC-2030,Connect
{I0B2-E1YK03HV-0025NNKR},12/02/2010 09:34:29,TNM0961,PC-2030,Disconnect
{G9X4-I8KL38XK-7898WNAK},12/02/2010 14:36:15,TNM0961,PC-2030,Connect
{K6S5-S5CE17JS-9259RHHM},12/02/2010 14:51:20,TNM0961,PC-2030,Disconnect
{Q8U0-Z9ZU37SX-6105WNPZ},12/02/2010 15:07:29,TNM0961,PC-2030,Connect
{U9L6-O0DI19CV-6650FKBU},12/02/2010 15:32:58,TNM0961,PC-2030,Disconnect
{C7L5-U5JT13MY-0970YWKA},12/02/2010 15:38:50,TNM0961,PC-2030,Connect
{N5Q7-C3HX30MH-2329TAWB},12/02/2010 15:49:15,TNM0961,PC-2030,Disconnect
{N0D0-E8AR30EV-4795FAQF},12/03/2010 08:15:08,TNM0961,PC-2030,Connect
{I9H2-C1PA36OP-5012RAUQ},12/03/2010 09:35:35,TNM0961,PC-2030,Disconnect
{A3D1-Q6OX54VI-7839DREE},12/06/2010 07:28:05,TNM0961,PC-2030,Connect
{R2O5-P1AU63YJ-2598GSXN},12/06/2010 07:46:33,TNM0961,PC-2030,Disconnect
{B5R5-N6MW14WI-1496HOAF},12/06/2010 09:31:28,TNM0961,PC-2030,Connect
{W2E4-G7JR17EZ-7162RBLE},12/06/2010 09:43:19,TNM0961,PC-2030,Disconnect
{A7G6-C0ES25PF-6150PGGR},12/07/2010 07:27:58,TNM0961,PC-2030,Connect
{A3N2-O1IS49ZS-7274NYZZ},12/07/2010 08:21:42,TNM0961,PC-2030,Disconnect
{R3H4-L2GG76EA-6607DLLF},12/07/2010 12:35:59,TNM0961,PC-2030,Connect
{D1A0-A8AH86JH-3993ZELX},12/07/2010 12:39:59,TNM0961,PC-2030,Disconnect
{K9X3-R9HE98ZW-9768UMGP},12/08/2010 08:37:18,TNM0961,PC-2030,Connect
{E9M3-R2OR97JD-8924YOMZ},12/08/2010 08:43:28,TNM0961,PC-2030,Disconnect
{Z7I7-A4EO32VJ-3762XSPU},12/08/2010 12:11:42,TNM0961,PC-2030,Connect
{S3S6-R4MC66ZL-0172BMHE},12/08/2010 12:27:08,TNM0961,PC-2030,Disconnect
{W8W4-K7YC87SP-0318HTOD},12/09/2010 09:39:35,TNM0961,PC-2030,Connect
{I0I0-J7VM44TN-1096XOKD},12/09/2010 09:42:55,TNM0961,PC-2030,Disconnect
{X8F1-I2NH81PO-4361MYOQ},12/09/2010 09:50:48,TNM0961,PC-2030,Connect
{W3Q3-Z6LG72CN-5170OTFF},12/09/2010 09:58:55,TNM0961,PC-2030,Disconnect
{G1L0-T2VI50ZD-5244FKAJ},12/09/2010 10:03:28,TNM0961,PC-2030,Connect
{D9E7-G1GS66YY-3325EQXF},12/09/2010 10:47:07,TNM0961,PC-2030,Disconnect
{A7R0-B4YU18ZC-9072XXWF},12/09/2010 14:36:56,TNM0961,PC-2030,Connect
{Y2K6-F6AD01EH-8747PBFL},12/09/2010 14:38:45,TNM0961,PC-2030,Disconnect
{U0G3-R5UC06TO-4061DQHR},12/09/2010 14:47:29,TNM0961,PC-2030,Connect
{O8M2-N5XY20AV-5069BEPQ},12/09/2010 15:14:18,TNM0961,PC-2030,Disconnect
{P4R1-Z0NI04QO-8412NEBW},12/09/2010 15:25:11,TNM0961,PC-2030,Connect
{H4V9-X0LV33EV-1623IUKY},12/09/2010 15:55:49,TNM0961,PC-2030,Disconnect
{F4G6-R6TZ12JS-4708JOHW},12/09/2010 16:00:26,TNM0961,PC-2030,Connect
{L3X7-H5ZX47XA-2181MDYO},12/09/2010 16:05:04,TNM0961,PC-2030,Disconnect
{Q2Z4-E4ID08ZO-9102OHNQ},12/10/2010 11:44:45,TNM0961,PC-2030,Connect
{J3O8-R7NM60JQ-2979PMKB},12/10/2010 11:49:20,TNM0961,PC-2030,Disconnect
{C4C8-R4WB30BV-9382OHUG},12/10/2010 12:05:15,TNM0961,PC-2030,Connect
{T4V1-S7CR17ZW-4944ADXI},12/10/2010 12:29:26,TNM0961,PC-2030,Disconnect
{L9J2-J5IX44JI-9866PYFZ},12/13/2010 08:03:20,TNM0961,PC-2030,Connect
{W8H3-I1UG76XE-7573XSKO},12/13/2010 08:44:18,TNM0961,PC-2030,Disconnect
