{Y4O8-J5DB54KR-4500NJZI},01/04/2010 08:23:28,HXL0968,PC-0623,Connect
{F5L8-A9CZ70HI-2484XOSZ},01/04/2010 08:33:35,HXL0968,PC-0623,Disconnect
{X9O9-B2UK18DO-8986PROO},01/04/2010 09:18:42,HXL0968,PC-0623,Connect
{Q3K0-K3SV42SY-5111XRNM},01/04/2010 09:38:00,HXL0968,PC-0623,Disconnect
{C6O9-F5IP92EC-2356PDTE},01/04/2010 14:14:22,HXL0968,PC-0623,Connect
{A2S2-N8RG35KO-8999VALL},01/04/2010 14:25:41,HXL0968,PC-0623,Disconnect
{J8Q5-V0YH09EG-7624ALNE},01/05/2010 08:13:25,HXL0968,PC-0623,Connect
{G6Z7-T1VK23LU-5803QRNZ},01/05/2010 08:21:47,HXL0968,PC-0623,Disconnect
{Y0I4-D8CG88GK-5268KLCS},01/05/2010 14:51:19,HXL0968,PC-0623,Connect
{M3L7-I8TO73ML-2513QJRH},01/05/2010 15:16:55,HXL0968,PC-0623,Disconnect
{A1B6-O3KS25KQ-7156BCBR},01/06/2010 08:32:23,HXL0968,PC-0623,Connect
{U8S5-K6VB90XQ-4529LRKV},01/06/2010 09:06:13,HXL0968,PC-0623,Disconnect
{L7G0-Y0XO14TW-9075EQJT},01/06/2010 15:23:08,HXL0968,PC-0623,Connect
{S7H8-A7JF29DG-8268VHVU},01/06/2010 15:34:51,HXL0968,PC-0623,Disconnect
{C9G9-Q9YX08LE-4878VHBY},01/07/2010 07:43:11,HXL0968,PC-0623,Connect
{G7U5-G2QP44KI-0189BHGF},01/07/2010 08:48:50,HXL0968,PC-0623,Disconnect
{B4P5-F3GI82GC-6329VJOC},01/07/2010 09:04:54,HXL0968,PC-0623,Connect
{Q8X3-Q8GS77UN-6219GXCG},01/07/2010 09:32:34,HXL0968,PC-0623,Disconnect
{D7A9-E3PX19OC-9488ZQMM},01/07/2010 12:48:46,HXL0968,PC-0623,Connect
{B3J7-Q7MJ80PQ-1442YIEM},01/07/2010 13:18:41,HXL0968,PC-0623,Disconnect
{U2Q6-C0RH65EE-8479DBFG},01/08/2010 08:23:31,HXL0968,PC-0623,Connect
{P8L7-M2XX86RQ-9896AAYL},01/08/2010 09:04:16,HXL0968,PC-0623,Disconnect
{K6N8-X7PI53QY-3393JFNL},01/08/2010 10:56:39,HXL0968,PC-0623,Connect
{R3P7-K7LM66AZ-2006HKVJ},01/08/2010 11:14:54,HXL0968,PC-0623,Disconnect
{T3I6-D6CY26GU-8842YKTJ},01/08/2010 11:42:10,HXL0968,PC-0623,Connect
{N6Y2-S0PW84CG-2954FUOV},01/08/2010 12:00:06,HXL0968,PC-0623,Disconnect
{D9M0-D8GQ81WY-0092OBCU},01/08/2010 14:44:26,HXL0968,PC-0623,Connect
{B0P2-K3HS38CW-1971PLPH},01/08/2010 14:58:15,HXL0968,PC-0623,Disconnect
{U6H5-Z2QT94PA-2685RCVN},01/11/2010 08:36:18,HXL0968,PC-0623,Connect
{Z4P0-M0FY90ES-8667YPOR},01/11/2010 09:01:54,HXL0968,PC-0623,Disconnect
{J4E9-E5DY71QR-3852ZGQZ},01/11/2010 10:54:28,HXL0968,PC-0623,Connect
{V6H7-Y1PR00PQ-5965DKQC},01/11/2010 10:55:01,HXL0968,PC-0623,Disconnect
{U5X2-X9PO97KC-8496SIOW},01/12/2010 07:51:32,HXL0968,PC-0623,Connect
{V3L9-J3HJ79BH-9625CIPQ},01/12/2010 08:19:55,HXL0968,PC-0623,Disconnect
{Z7A7-U8YD23RL-6388QCNS},01/12/2010 11:49:16,HXL0968,PC-0623,Connect
{O4M6-P1RH43HX-8059SRTK},01/12/2010 12:09:15,HXL0968,PC-0623,Disconnect
{R8J7-I8EG62SN-6788XWKQ},01/12/2010 14:27:21,HXL0968,PC-0623,Connect
{S4J5-G2NV74ZM-7643MAJR},01/12/2010 14:59:16,HXL0968,PC-0623,Disconnect
{K0O6-Z1KB08YC-7811KMPB},01/13/2010 12:29:53,HXL0968,PC-0623,Connect
{E2R4-L3CR88SV-3190MEYE},01/13/2010 13:12:50,HXL0968,PC-0623,Disconnect
{O8Q5-J9IY91EV-6911GVXA},01/15/2010 09:59:46,HXL0968,PC-0623,Connect
{K0P2-N3KL89PP-0689MYUA},01/15/2010 11:31:09,HXL0968,PC-0623,Disconnect
{R0G9-N3JJ44LN-1028OSYD},01/15/2010 12:18:43,HXL0968,PC-0623,Connect
{S8H4-S8NU82XU-9002CFKE},01/15/2010 13:03:39,HXL0968,PC-0623,Disconnect
{O0Z7-G8LQ30RS-8492KDBA},01/18/2010 08:15:59,HXL0968,PC-0623,Connect
{N9O7-P2OS91IG-9618SRBU},01/18/2010 08:38:45,HXL0968,PC-0623,Disconnect
{S9X0-A7OY55QI-4119IGMB},01/18/2010 13:07:36,HXL0968,PC-0623,Connect
{W6S6-S7BU75ZX-9966UJDY},01/18/2010 13:09:27,HXL0968,PC-0623,Disconnect
{B4O0-N0QQ43LX-9941ZRKX},01/18/2010 16:03:42,HXL0968,PC-0623,Connect
{J3D4-R8TF55QF-2136QFCP},01/18/2010 16:11:58,HXL0968,PC-0623,Disconnect
{Y6H3-V6PL38CI-0022SZGX},01/19/2010 07:56:30,HXL0968,PC-0623,Connect
{U1N2-A8ZV97JC-6675WXED},01/19/2010 08:39:38,HXL0968,PC-0623,Disconnect
{A5J8-Z8LF40NU-9709OVKI},01/19/2010 08:53:02,HXL0968,PC-0623,Connect
{W5L9-I4GP54VW-7360MWXT},01/19/2010 10:02:09,HXL0968,PC-0623,Disconnect
{Y9Q9-I1KV03TX-4655STYY},01/19/2010 12:44:49,HXL0968,PC-0623,Connect
{I8R4-I7VT03ZG-6308KRZH},01/19/2010 13:09:22,HXL0968,PC-0623,Disconnect
{D9Z7-N9VX32DO-8911GLMM},01/20/2010 10:51:33,HXL0968,PC-0623,Connect
{Y9B7-V8NC78RY-4366JHVL},01/20/2010 11:16:39,HXL0968,PC-0623,Disconnect
{E9Z9-W9CZ90MZ-9087XWZD},01/20/2010 12:53:27,HXL0968,PC-0623,Connect
{B4A5-J3KS55DQ-3985YBHU},01/20/2010 13:38:52,HXL0968,PC-0623,Disconnect
{N1J1-E8AD68YC-7711LTGV},01/20/2010 14:00:04,HXL0968,PC-0623,Connect
{O0E1-A4GV72NI-2054UXCJ},01/20/2010 14:43:48,HXL0968,PC-0623,Disconnect
{Q7R4-M8BA50QC-5164OHGE},01/20/2010 14:49:14,HXL0968,PC-0623,Connect
{T9O7-J3JP07DP-9384VBKE},01/20/2010 15:04:31,HXL0968,PC-0623,Disconnect
{E3Z0-M1FB49ZK-0459NHRX},01/21/2010 09:47:46,HXL0968,PC-0623,Connect
{H3W3-R2KC70UC-0824SZOK},01/21/2010 10:42:29,HXL0968,PC-0623,Disconnect
{C1N4-C3TY59ZQ-8243YJFH},01/25/2010 07:55:47,HXL0968,PC-0623,Connect
{Y0U9-O4HE25TI-9572DCOX},01/25/2010 08:03:30,HXL0968,PC-0623,Disconnect
{H5Z6-V6VM29IP-5616GMUL},01/25/2010 09:56:32,HXL0968,PC-0623,Connect
{X3T0-E4TQ18VQ-5351EWUL},01/25/2010 10:34:43,HXL0968,PC-0623,Disconnect
{Z8M3-J3HA33CH-2623TWMA},01/25/2010 14:35:10,HXL0968,PC-0623,Connect
{Q2K1-W7KN05PS-4898NJHH},01/25/2010 14:38:31,HXL0968,PC-0623,Disconnect
{N4N3-J8HC49ZS-6160IYEN},01/27/2010 12:20:47,HXL0968,PC-0623,Connect
{M6W7-Q2SI32DD-5877RYSL},01/27/2010 12:22:36,HXL0968,PC-0623,Disconnect
{H6P0-A8CB86XO-9536CJUQ},01/27/2010 12:22:41,HXL0968,PC-0623,Connect
{F1X8-W3WP41FD-9295SUOL},01/27/2010 12:23:07,HXL0968,PC-0623,Disconnect
{P9T0-Y2BT76ZK-8813GVDB},01/28/2010 11:35:13,HXL0968,PC-0623,Connect
{M7P0-A3VA01YG-9452TZCH},01/28/2010 12:13:09,HXL0968,PC-0623,Disconnect
{A9D4-P2QU24WB-3143WIKN},01/28/2010 14:43:29,HXL0968,PC-0623,Connect
{E1R3-R1TH48BJ-8282REDG},01/28/2010 14:47:31,HXL0968,PC-0623,Disconnect
{P1G2-H9TQ95WO-2347DYJX},01/29/2010 07:59:06,HXL0968,PC-0623,Connect
{L8K7-M4AH57XM-5803MAEG},01/29/2010 08:19:10,HXL0968,PC-0623,Disconnect
{A9V1-J4XX38KB-0408VTVC},01/29/2010 09:18:12,HXL0968,PC-0623,Connect
{X4E4-Z8IX51VM-6523GWQT},01/29/2010 10:58:12,HXL0968,PC-0623,Disconnect
{K9W0-P0SZ39UU-2205VYZB},02/01/2010 10:31:16,HXL0968,PC-0623,Connect
{B4F2-T6PP11DI-9666RXRO},02/01/2010 10:46:55,HXL0968,PC-0623,Disconnect
{F9N5-I2BA15BL-0266EJTD},02/01/2010 13:08:42,HXL0968,PC-0623,Connect
{X8S8-I1FO61QL-5525KXBR},02/01/2010 13:28:04,HXL0968,PC-0623,Disconnect
{O1A9-A4NW34ME-9100DNZP},02/02/2010 12:08:51,HXL0968,PC-0623,Connect
{J0Q6-F8VK93JC-6613JSXH},02/02/2010 12:57:02,HXL0968,PC-0623,Disconnect
{R5V1-Y9LQ61UJ-0578NZOL},02/03/2010 12:36:50,HXL0968,PC-0623,Connect
{M5B7-S8YG90JI-8618DHGH},02/03/2010 15:13:17,HXL0968,PC-0623,Disconnect
{C5Q6-C0TT50UE-0586XZTK},02/04/2010 08:55:26,HXL0968,PC-0623,Connect
{H8G8-H2HA48AR-0161NFRB},02/04/2010 09:31:11,HXL0968,PC-0623,Disconnect
{Y9A3-O2IW42WL-3730NNZQ},02/04/2010 10:00:23,HXL0968,PC-0623,Connect
{D5R7-M2HD29FO-0073PGRH},02/04/2010 11:03:17,HXL0968,PC-0623,Disconnect
{X7S8-N3UY70UQ-8918VVSR},02/05/2010 12:26:42,HXL0968,PC-0623,Connect
{W9X4-U1NK78VN-1042SXVX},02/05/2010 12:39:36,HXL0968,PC-0623,Disconnect
{U6Y8-P6HQ56ZN-9492WDES},02/05/2010 12:42:04,HXL0968,PC-0623,Connect
{Z4S9-E8OY59RX-3916QREF},02/05/2010 13:03:04,HXL0968,PC-0623,Disconnect
{L8G3-F5XH64WB-9551YPEI},02/08/2010 08:39:12,HXL0968,PC-0623,Connect
{S6B1-O3RK18AU-5216SWXC},02/08/2010 09:06:19,HXL0968,PC-0623,Disconnect
{L8M7-Y0BG80QX-7311YSOY},02/09/2010 07:27:18,HXL0968,PC-0623,Connect
{U3N2-F6VJ12WQ-8210VUXO},02/09/2010 08:38:24,HXL0968,PC-0623,Disconnect
{G7S2-R0KD89BQ-2526MHEH},02/09/2010 12:57:40,HXL0968,PC-0623,Connect
{G8T2-M1BB90EX-2194HSAR},02/09/2010 14:15:26,HXL0968,PC-0623,Disconnect
{Z2J9-H2UO32TT-1903BQWS},02/09/2010 15:09:14,HXL0968,PC-0623,Connect
{Q6J2-M4QV35IH-6755XDNZ},02/09/2010 15:17:16,HXL0968,PC-0623,Disconnect
{O8C3-G6BH62JD-6181FBJD},02/10/2010 08:38:30,HXL0968,PC-0623,Connect
{Y7W6-C6FM58SJ-6218JTKE},02/10/2010 08:44:24,HXL0968,PC-0623,Disconnect
{G3M0-L4SJ97UH-5007KJEM},02/10/2010 14:13:01,HXL0968,PC-0623,Connect
{T8Y4-K6ZE08XK-2266QZBR},02/10/2010 15:59:41,HXL0968,PC-0623,Disconnect
{C9R7-W7SQ28CM-5763IZTG},02/11/2010 11:45:22,HXL0968,PC-0623,Connect
{D5X2-N2KY04DY-3042ILWR},02/11/2010 12:33:57,HXL0968,PC-0623,Disconnect
{G8U0-P8AX80FO-9646NTQH},02/12/2010 09:08:12,HXL0968,PC-0623,Connect
{D6M5-V1UY06UH-0803PDOD},02/12/2010 10:03:25,HXL0968,PC-0623,Disconnect
{L7Z3-G7GE81HT-9506IVPN},02/12/2010 13:53:13,HXL0968,PC-0623,Connect
{P5S6-X3SG45JM-9796OAZG},02/12/2010 14:44:31,HXL0968,PC-0623,Disconnect
{I0N2-S2DG44YP-6464ZZZB},02/16/2010 08:34:27,HXL0968,PC-0623,Connect
{H4B4-E6CI22XD-8905MAUY},02/16/2010 09:31:29,HXL0968,PC-0623,Disconnect
{K0M2-G9PU32HC-1428MVSC},02/17/2010 10:21:19,HXL0968,PC-0623,Connect
{E5R8-S4ZS69OL-4122UTYR},02/17/2010 10:36:51,HXL0968,PC-0623,Disconnect
{G1W8-V1XC81UU-6907ZZPE},02/17/2010 14:21:48,HXL0968,PC-0623,Connect
{I0U7-G9TE37CQ-0261KYTQ},02/17/2010 14:56:30,HXL0968,PC-0623,Disconnect
{O1R3-J0WJ05FS-6358MWNP},02/18/2010 11:40:17,HXL0968,PC-0623,Connect
{F5H3-Q6AP36ZW-3215LIDG},02/18/2010 12:23:36,HXL0968,PC-0623,Disconnect
{P6N5-N1IF74FM-0048DBQM},02/18/2010 14:04:19,HXL0968,PC-0623,Connect
{E5B3-J2RX54GV-2166KPGW},02/18/2010 14:22:59,HXL0968,PC-0623,Disconnect
{N4T4-H0DN53CE-8320IAWX},02/18/2010 15:39:35,HXL0968,PC-0623,Connect
{F7Z0-P0NO12WI-7258DHZU},02/18/2010 15:56:24,HXL0968,PC-0623,Disconnect
{X8H0-D8TY32SW-7502JVQX},02/19/2010 10:23:56,HXL0968,PC-0623,Connect
{X6R0-E6BN50QL-9218IFLZ},02/19/2010 11:05:11,HXL0968,PC-0623,Disconnect
{Y0A8-X3SE66YZ-4184MQRG},02/19/2010 11:33:52,HXL0968,PC-0623,Connect
{A8I4-U2VT88FX-1096ENUN},02/19/2010 12:14:47,HXL0968,PC-0623,Disconnect
{D5U5-B6TD39ZL-4292PWFY},02/22/2010 07:24:51,HXL0968,PC-0623,Connect
{X3S7-R5RF91SE-5538IHOL},02/22/2010 08:16:56,HXL0968,PC-0623,Disconnect
{U5O9-Y1SO02ZK-2644IHPA},02/22/2010 13:50:56,HXL0968,PC-0623,Connect
{D3N4-H1UK11XR-5660VBNX},02/22/2010 13:53:47,HXL0968,PC-0623,Disconnect
{R6V8-T8DI78YN-1459EFNE},02/22/2010 15:13:34,HXL0968,PC-0623,Connect
{R9L8-M1XQ09TA-8817DUYK},02/22/2010 15:23:14,HXL0968,PC-0623,Disconnect
{V7E6-M0YC88XZ-8362DEMR},02/24/2010 09:33:17,HXL0968,PC-0623,Connect
{R4C7-K4LI53LQ-1642BVLK},02/24/2010 10:57:21,HXL0968,PC-0623,Disconnect
{O5W0-S8TF07HQ-8241TTLG},02/24/2010 11:45:15,HXL0968,PC-0623,Connect
{G9A2-E2MC76MO-7851GGFK},02/24/2010 12:15:28,HXL0968,PC-0623,Disconnect
{E9T9-Q9UI22CW-5128QHXH},02/25/2010 12:19:45,HXL0968,PC-0623,Connect
{V2X9-Y2VV36JP-8608MGNP},02/25/2010 13:39:24,HXL0968,PC-0623,Disconnect
{V1E8-W1RI42CV-2434WYAM},02/26/2010 14:17:53,HXL0968,PC-0623,Connect
{A1O0-Y2IJ77AR-1760JNCC},02/26/2010 15:39:53,HXL0968,PC-0623,Disconnect
{Y4L5-L2SA14DU-8326GPVS},03/01/2010 09:31:40,HXL0968,PC-0623,Connect
{F3N2-L8RB98ZC-6160MUIO},03/01/2010 10:01:10,HXL0968,PC-0623,Disconnect
{D0I3-Q1NI38GK-1616NDSQ},03/01/2010 11:19:59,HXL0968,PC-0623,Connect
{U5P7-D4WI92VV-0740GXRL},03/01/2010 11:20:51,HXL0968,PC-0623,Disconnect
{O6N7-F1AR38SH-7822GGXX},03/01/2010 13:38:55,HXL0968,PC-0623,Connect
{F7O2-W0XE62ZI-0922XBZG},03/01/2010 14:02:15,HXL0968,PC-0623,Disconnect
{U1F2-S2OM18FT-6474BGOJ},03/02/2010 10:39:50,HXL0968,PC-0623,Connect
{A5K9-C7IX64ZJ-6552QCLA},03/02/2010 11:08:17,HXL0968,PC-0623,Disconnect
{U5Y5-P7HJ43FK-5763LBJM},03/04/2010 08:01:23,HXL0968,PC-0623,Connect
{E9G1-Q1OL96MF-2370HJUF},03/04/2010 08:09:05,HXL0968,PC-0623,Disconnect
{O1P3-V1HP27HR-6674RXFP},03/04/2010 09:52:47,HXL0968,PC-0623,Connect
{R9B3-J8IV27AA-5958WQEQ},03/04/2010 11:47:00,HXL0968,PC-0623,Disconnect
{R9D4-S2VI16ZQ-5216CKPE},03/05/2010 08:13:19,HXL0968,PC-0623,Connect
{I1S7-B5NK82NL-7807DPVM},03/05/2010 09:15:46,HXL0968,PC-0623,Disconnect
{K1R3-X4WH57XO-4046UFKH},03/05/2010 09:51:11,HXL0968,PC-0623,Connect
{T8K6-I9EX40EG-5262CRZA},03/05/2010 09:55:36,HXL0968,PC-0623,Disconnect
{Z1H9-A6XH05FP-9386IRDO},03/05/2010 13:53:38,HXL0968,PC-0623,Connect
{J1M5-R8UU33FD-1693POKG},03/05/2010 13:59:43,HXL0968,PC-0623,Disconnect
{L1M7-L4JX84UR-4788LAXB},03/08/2010 08:05:38,HXL0968,PC-0623,Connect
{W7Z3-H2XC77IO-6328EIEP},03/08/2010 08:13:00,HXL0968,PC-0623,Disconnect
{M2J2-K0NQ44SB-4252GEQE},03/08/2010 11:22:48,HXL0968,PC-0623,Connect
{O3G8-V8LU49YB-3979NDWJ},03/08/2010 12:10:01,HXL0968,PC-0623,Disconnect
{L7W8-J8NY54EN-8424MFQV},03/09/2010 10:49:05,HXL0968,PC-0623,Connect
{U3F0-H5XF77SB-5031SRVH},03/09/2010 11:00:44,HXL0968,PC-0623,Disconnect
{M9Q5-D0UI14IH-6312SMRK},03/09/2010 11:32:44,HXL0968,PC-0623,Connect
{P6D3-K2BK08FN-5420BTTE},03/09/2010 11:42:05,HXL0968,PC-0623,Disconnect
{Z5Z9-E8RQ53CS-8650KHKU},03/10/2010 07:47:39,HXL0968,PC-0623,Connect
{S3I8-Z4ZR19GT-5650NUWM},03/10/2010 08:10:23,HXL0968,PC-0623,Disconnect
{T2M8-X3CI87PW-5810MZBS},03/10/2010 08:28:37,HXL0968,PC-0623,Connect
{L7I9-T2WS07XB-6972OKSP},03/10/2010 09:03:52,HXL0968,PC-0623,Disconnect
{O6E2-H4HH70GI-6215IGDC},03/10/2010 11:30:49,HXL0968,PC-0623,Connect
{X5H7-O9QT91IU-4719LJMP},03/10/2010 12:03:32,HXL0968,PC-0623,Disconnect
{N1D2-C7LH65XW-2959CFVC},03/11/2010 10:06:50,HXL0968,PC-0623,Connect
{J5P4-I5GS06AT-7925CXPO},03/11/2010 10:19:16,HXL0968,PC-0623,Disconnect
{O0I6-S2UH32YS-1084NFTU},03/11/2010 14:13:57,HXL0968,PC-0623,Connect
{G0X9-A5EG25MP-6594WVMF},03/11/2010 14:46:33,HXL0968,PC-0623,Disconnect
{F0U0-Q3SE80PR-2651KLYK},03/12/2010 08:27:29,HXL0968,PC-0623,Connect
{P6Q5-V4GS07VF-4701XCIW},03/12/2010 08:39:20,HXL0968,PC-0623,Disconnect
{W0F8-J6DI54QW-0567TWZQ},03/12/2010 09:59:35,HXL0968,PC-0623,Connect
{Y6N2-T9CU85KE-6575JQTL},03/12/2010 10:03:33,HXL0968,PC-0623,Disconnect
{X7U5-F0HG08YV-2159CGHB},03/12/2010 10:38:11,HXL0968,PC-0623,Connect
{H9V5-K3ZH28HF-4859FHZD},03/12/2010 11:11:16,HXL0968,PC-0623,Disconnect
{E9N4-Z0RJ20QJ-6337JGLL},03/15/2010 09:38:20,HXL0968,PC-0623,Connect
{C8H5-R0YR28QI-3930MUFW},03/15/2010 10:50:52,HXL0968,PC-0623,Disconnect
{N0F3-Q5OY29PY-9506FMUA},03/15/2010 12:21:40,HXL0968,PC-0623,Connect
{K0G2-J4DV35JR-3420XNUN},03/15/2010 14:11:41,HXL0968,PC-0623,Disconnect
{E5O0-B5HW79FJ-1792KANI},03/16/2010 09:25:14,HXL0968,PC-0623,Connect
{M1F5-B0GU04WL-0487AZFQ},03/16/2010 09:38:50,HXL0968,PC-0623,Disconnect
{F7O2-L1KU59TX-0803VNSK},03/16/2010 13:39:03,HXL0968,PC-0623,Connect
{S2Y8-G2WP49CI-9112JAAR},03/16/2010 14:07:07,HXL0968,PC-0623,Disconnect
{H2Q3-T9YE77UI-6488JCAH},03/17/2010 09:45:17,HXL0968,PC-0623,Connect
{J5B7-C0OP53GA-2836MBFK},03/17/2010 10:38:27,HXL0968,PC-0623,Disconnect
{Z7M7-Y4LE25MM-8193GXXM},03/17/2010 12:06:47,HXL0968,PC-0623,Connect
{P0I8-S3HD60KT-0381RRMB},03/17/2010 12:12:21,HXL0968,PC-0623,Disconnect
{D8N5-W9BS23HP-6684CVTI},03/17/2010 14:59:46,HXL0968,PC-0623,Connect
{T3A9-C1JE83KK-2427CXMO},03/17/2010 15:03:05,HXL0968,PC-0623,Disconnect
{V3J5-B9IE71SF-4076GZEJ},03/18/2010 07:55:39,HXL0968,PC-0623,Connect
{X0M8-D4WC77EG-0291QVNU},03/18/2010 08:46:37,HXL0968,PC-0623,Disconnect
{V9Z2-W0MV95XW-1995VKOT},03/18/2010 12:32:21,HXL0968,PC-0623,Connect
{E3U7-H7FL84ET-4607GKYH},03/18/2010 12:41:07,HXL0968,PC-0623,Disconnect
{L9N7-R3RJ52TK-2983SUQK},03/18/2010 15:29:38,HXL0968,PC-0623,Connect
{V1C6-S0YY09SJ-0025PKPO},03/18/2010 15:43:16,HXL0968,PC-0623,Disconnect
{M0B3-C6GZ58LK-8258KQKZ},03/19/2010 12:55:39,HXL0968,PC-0623,Connect
{X2A3-T4LG26QA-0986JBSX},03/19/2010 13:01:46,HXL0968,PC-0623,Disconnect
{Y3P0-E0NP58EA-2256LKFT},03/19/2010 14:38:09,HXL0968,PC-0623,Connect
{I5P4-F9RU33BE-0647FRXU},03/19/2010 14:39:51,HXL0968,PC-0623,Disconnect
{W2Z0-Z4ZI38PD-2426OCKK},03/22/2010 07:22:24,HXL0968,PC-0623,Connect
{X5A3-C1JT71EF-1560XBUK},03/22/2010 09:36:52,HXL0968,PC-0623,Disconnect
{B2O0-G4SS15BS-3583BXLQ},03/22/2010 11:24:59,HXL0968,PC-0623,Connect
{E2M2-Q6IQ11VQ-3505MELK},03/22/2010 11:50:29,HXL0968,PC-0623,Disconnect
{S2U3-C7SZ48KV-9233MNFV},03/22/2010 15:45:59,HXL0968,PC-0623,Connect
{A7P9-Z8AV00UB-8862XGUP},03/22/2010 16:03:04,HXL0968,PC-0623,Disconnect
{T6U8-S8NI27RF-1730GHUJ},03/23/2010 10:33:16,HXL0968,PC-0623,Connect
{P2D5-G2SU43JO-3938XNNB},03/23/2010 11:03:43,HXL0968,PC-0623,Disconnect
{X8L2-Y5WY06AK-4918YQYW},03/23/2010 11:55:01,HXL0968,PC-0623,Connect
{E7S1-F8VE89RG-3768CIJL},03/23/2010 11:57:30,HXL0968,PC-0623,Disconnect
{M9M2-S3OO23LG-0188INJU},03/23/2010 13:04:02,HXL0968,PC-0623,Connect
{S6U1-S9GC95DM-8993VNUN},03/23/2010 13:10:16,HXL0968,PC-0623,Disconnect
{I4T7-V9EU77KD-8478ATJI},03/25/2010 14:44:56,HXL0968,PC-0623,Connect
{X1I7-A1LA21JY-7373WPDD},03/25/2010 14:45:25,HXL0968,PC-0623,Disconnect
{H9Q4-P7RY16WD-0260JZJX},03/26/2010 11:40:56,HXL0968,PC-0623,Connect
{B7C6-G7DU72UK-2195IROZ},03/26/2010 11:47:34,HXL0968,PC-0623,Disconnect
{H3I7-M9BC62WE-6327CUVY},03/26/2010 13:50:45,HXL0968,PC-0623,Connect
{H5F5-O3AU67OD-4842XDWT},03/26/2010 13:52:46,HXL0968,PC-0623,Disconnect
{T5U6-I2JE66MI-3048JPGW},03/29/2010 07:27:23,HXL0968,PC-0623,Connect
{O2N5-L6SF14SZ-2759EHNI},03/29/2010 09:02:13,HXL0968,PC-0623,Disconnect
{O3G1-C8EM39OS-3922LTSA},03/29/2010 10:29:23,HXL0968,PC-0623,Connect
{G0R8-G1XI82HH-0110YPRF},03/29/2010 10:33:51,HXL0968,PC-0623,Disconnect
{U5Z0-T6UM37WQ-6482WELI},03/29/2010 12:26:01,HXL0968,PC-0623,Connect
{Z1D5-D8AK79BG-0180EEYA},03/29/2010 12:26:09,HXL0968,PC-0623,Disconnect
{X6W0-H0UG70FV-5318AIUP},03/30/2010 11:04:53,HXL0968,PC-0623,Connect
{B8R8-X4TR35PV-5095ACTW},03/30/2010 11:05:51,HXL0968,PC-0623,Disconnect
{N3I9-M8KQ80UX-9593KAHS},03/30/2010 13:01:43,HXL0968,PC-0623,Connect
{T2S9-S3LD67KA-6602CZQX},03/30/2010 13:18:19,HXL0968,PC-0623,Disconnect
{V6V0-T5TP66TJ-4938LNQJ},03/30/2010 14:45:10,HXL0968,PC-0623,Connect
{O5M3-F7RO58NS-0604HNHO},03/30/2010 14:50:25,HXL0968,PC-0623,Disconnect
{G6K1-N1WG42ZH-7356RHBE},03/30/2010 14:57:08,HXL0968,PC-0623,Connect
{P9W2-V5XU91XI-3113UWWF},03/30/2010 15:11:18,HXL0968,PC-0623,Disconnect
{S5W1-C9AH05UZ-5073QIZL},03/31/2010 08:45:17,HXL0968,PC-0623,Connect
{B0L7-N6VW04WZ-1468FURS},03/31/2010 08:46:16,HXL0968,PC-0623,Disconnect
{I1T5-A8MP73XK-5854EYCB},03/31/2010 11:23:04,HXL0968,PC-0623,Connect
{N5G3-M1VI75FA-8050LBWA},03/31/2010 11:26:05,HXL0968,PC-0623,Disconnect
{N1Y2-R9GF25YV-9432FDYB},03/31/2010 14:00:55,HXL0968,PC-0623,Connect
{J1X0-G7YH71JY-0812NYQB},03/31/2010 14:22:47,HXL0968,PC-0623,Disconnect
{F6S4-U2OG71SP-8099QVJV},04/01/2010 07:19:30,HXL0968,PC-0623,Connect
{R8E1-A3GJ02UY-7248SZOL},04/01/2010 09:23:11,HXL0968,PC-0623,Disconnect
{V2D9-H9WD63PX-3609MYSN},04/01/2010 15:54:15,HXL0968,PC-0623,Connect
{B5P7-R7WH84MO-8145DRTL},04/01/2010 16:16:29,HXL0968,PC-0623,Disconnect
{W8Z3-S7HY37DN-2338EWVX},04/05/2010 12:05:14,HXL0968,PC-0623,Connect
{K6Z8-E4TA64QK-1048UCNC},04/05/2010 12:11:46,HXL0968,PC-0623,Disconnect
{N9Q4-R2JX40WZ-4303VSAB},04/06/2010 09:21:49,HXL0968,PC-0623,Connect
{G4B5-R0RL82ZT-3640LBYZ},04/06/2010 10:04:46,HXL0968,PC-0623,Disconnect
{Q5Z7-K8CN21NE-3186AJTI},04/07/2010 07:20:07,HXL0968,PC-0623,Connect
{J5S3-O4GJ04XL-2566XCGM},04/07/2010 09:55:22,HXL0968,PC-0623,Disconnect
{J4B0-D6FS55PZ-8302ZEXI},04/07/2010 11:31:06,HXL0968,PC-0623,Connect
{C2X8-B8ZS34DU-1649BXDV},04/07/2010 12:40:18,HXL0968,PC-0623,Disconnect
{Q8K2-F2TR73BT-7611XXWX},04/08/2010 10:54:29,HXL0968,PC-0623,Connect
{O4L9-O6SS87FE-7865LLNR},04/08/2010 12:06:16,HXL0968,PC-0623,Disconnect
{B7V6-S1NE39DF-9724QZMK},04/08/2010 12:06:57,HXL0968,PC-0623,Connect
{V5X6-Q9HL96GS-3019FEFA},04/08/2010 13:11:19,HXL0968,PC-0623,Disconnect
{H7F3-N5PJ59KB-5824NZVH},04/09/2010 09:50:10,HXL0968,PC-0623,Connect
{T1U0-I4JJ85KP-4155CEWY},04/09/2010 10:32:26,HXL0968,PC-0623,Disconnect
{O7H0-S9DK97CI-5804KGTX},04/09/2010 10:42:04,HXL0968,PC-0623,Connect
{Z0T0-O0UQ66DS-4555WUST},04/09/2010 11:06:30,HXL0968,PC-0623,Disconnect
{E8M5-M6IR99SL-2742WAJJ},04/12/2010 10:27:02,HXL0968,PC-0623,Connect
{Y5B5-P3WO40EE-3844PAFR},04/12/2010 11:07:49,HXL0968,PC-0623,Disconnect
{J0H5-L1KU88QH-7169BESU},04/13/2010 07:28:15,HXL0968,PC-0623,Connect
{V0M1-L1XS24CD-8943KUBV},04/13/2010 07:34:11,HXL0968,PC-0623,Disconnect
{T7J0-I5QL61QT-8606LCIL},04/13/2010 09:55:22,HXL0968,PC-0623,Connect
{Z0W3-J7IK57IH-3000QGFI},04/13/2010 09:59:51,HXL0968,PC-0623,Disconnect
{E5Z1-Q9FE52WD-2437GXUG},04/14/2010 08:05:24,HXL0968,PC-0623,Connect
{B2M2-U2XN09GM-5019SUZN},04/14/2010 08:36:26,HXL0968,PC-0623,Disconnect
{U4O6-F7YA52NI-2808ZOEU},04/14/2010 09:14:17,HXL0968,PC-0623,Connect
{D7W2-V4TC62XO-2711HITV},04/14/2010 10:37:31,HXL0968,PC-0623,Disconnect
{E8G4-U2GI41CN-7666SOVX},04/15/2010 10:18:21,HXL0968,PC-0623,Connect
{A1W3-X4FQ57DB-5746PEJA},04/15/2010 11:04:45,HXL0968,PC-0623,Disconnect
{G2Y1-O1GS62OW-5281FSPX},04/15/2010 14:27:27,HXL0968,PC-0623,Connect
{D6W4-Z8BG46FC-6826ZQEU},04/15/2010 15:20:40,HXL0968,PC-0623,Disconnect
{A8Y6-R7IV57BZ-7172XASQ},04/16/2010 14:56:40,HXL0968,PC-0623,Connect
{M0I5-Y7RP91SS-1501FRYL},04/16/2010 14:57:50,HXL0968,PC-0623,Disconnect
{O3V6-T1PQ41DW-1834QAGJ},04/16/2010 15:53:50,HXL0968,PC-0623,Connect
{X3S5-W7JU53VN-2784PYSZ},04/16/2010 15:57:22,HXL0968,PC-0623,Disconnect
{X0O9-C6GG44DR-5062ELUK},04/19/2010 07:04:09,HXL0968,PC-0623,Connect
{M4S5-I5SS69BR-8111QJIS},04/19/2010 07:35:49,HXL0968,PC-0623,Disconnect
{H7J4-F2KV96OB-8463NJMQ},04/19/2010 13:07:34,HXL0968,PC-0623,Connect
{T7P9-A4LT36JR-6682CIYW},04/19/2010 13:08:28,HXL0968,PC-0623,Disconnect
{P8B2-M7MZ31YM-0846QIFC},04/20/2010 11:26:10,HXL0968,PC-0623,Connect
{M8L9-A2EM49HX-0930ZVGZ},04/20/2010 11:45:49,HXL0968,PC-0623,Disconnect
{X6A0-W1BT83CF-1992NPLH},04/20/2010 14:13:22,HXL0968,PC-0623,Connect
{K0G1-X3SO35FG-0854EADD},04/20/2010 14:46:51,HXL0968,PC-0623,Disconnect
{G0F2-H3KI19CI-0918EJJC},04/21/2010 09:59:39,HXL0968,PC-0623,Connect
{D3T1-G9HN24NY-3973WWPY},04/21/2010 10:57:52,HXL0968,PC-0623,Disconnect
{V0P9-Z1YJ47TM-7901VPWK},04/23/2010 10:29:07,HXL0968,PC-0623,Connect
{A4I7-A5UH64SX-3539IYEP},04/23/2010 12:56:52,HXL0968,PC-0623,Disconnect
{B1N2-T2UO01IM-2298KKLB},04/26/2010 08:25:41,HXL0968,PC-0623,Connect
{C6G6-Q5OW31KB-6603IUTP},04/26/2010 08:43:38,HXL0968,PC-0623,Disconnect
{A8Z4-T9KQ68TS-1769IUJO},04/26/2010 13:14:55,HXL0968,PC-0623,Connect
{N5M9-P1VK16HA-1938XKSM},04/26/2010 13:20:31,HXL0968,PC-0623,Disconnect
{S1Q0-H8JH26AB-5201OJZH},04/27/2010 12:13:59,HXL0968,PC-0623,Connect
{U6X7-Y6OJ43KO-9693OBWD},04/27/2010 12:39:28,HXL0968,PC-0623,Disconnect
{X9J9-K9GB87SA-2603EGNM},04/28/2010 07:22:37,HXL0968,PC-0623,Connect
{C0Q5-Z5QS89NW-7590ZVQB},04/28/2010 08:50:38,HXL0968,PC-0623,Disconnect
{O1O8-U0ZH49AJ-3393OZBJ},04/28/2010 08:55:14,HXL0968,PC-0623,Connect
{Z7J7-V0NH82SK-7671KLOJ},04/28/2010 09:58:51,HXL0968,PC-0623,Disconnect
{A3S3-B4PM52IV-3149TBXG},04/28/2010 10:16:24,HXL0968,PC-0623,Connect
{P3Z4-K5IE60TM-0904WBGZ},04/29/2010 07:26:41,HXL0968,PC-0623,Connect
{D5U8-K1GD22LE-2652VJWL},04/29/2010 07:26:46,HXL0968,PC-0623,Disconnect
{L9P9-H9UW86JE-1723QGZW},04/29/2010 07:37:16,HXL0968,PC-0623,Connect
{Y0J0-C0AX01UR-8625CSQL},04/29/2010 07:57:55,HXL0968,PC-0623,Disconnect
{C9A0-J0QE46BC-0440TTYQ},04/30/2010 08:12:39,HXL0968,PC-0623,Connect
{S0S6-L5KG33OJ-2782SKBV},04/30/2010 08:30:20,HXL0968,PC-0623,Disconnect
{Q2J3-L1CQ50YZ-9407WZXT},04/30/2010 10:51:56,HXL0968,PC-0623,Connect
{O3K6-Q1BJ77LF-2181VGNS},04/30/2010 11:11:40,HXL0968,PC-0623,Disconnect
{E8J5-G5IS75LL-0081NCFP},04/30/2010 11:51:41,HXL0968,PC-0623,Connect
{M6H3-L0LT15EI-7925MJLX},04/30/2010 12:13:51,HXL0968,PC-0623,Disconnect
{Q9E4-P5CM75GY-4132GGCU},05/03/2010 09:33:34,HXL0968,PC-0623,Connect
{I2P9-P8YQ81JE-7796VCTP},05/03/2010 10:09:08,HXL0968,PC-0623,Disconnect
{B6P3-Z1MU55MI-7714PPQU},05/04/2010 08:58:07,HXL0968,PC-0623,Connect
{D8M9-M5NU02ZX-8203JPVI},05/04/2010 09:51:56,HXL0968,PC-0623,Disconnect
{D8Y4-A3MV59ZI-3879QASI},05/04/2010 14:55:34,HXL0968,PC-0623,Connect
{C8J0-J2YG05QL-8269VDEO},05/04/2010 15:28:33,HXL0968,PC-0623,Disconnect
{L2O5-T0AF43FN-3064ALKC},05/05/2010 08:02:25,HXL0968,PC-0623,Connect
{X5C0-X6EZ26SS-4385JAGC},05/05/2010 08:23:22,HXL0968,PC-0623,Disconnect
{A6T5-H3MZ30UX-7826FPAD},05/05/2010 09:57:11,HXL0968,PC-0623,Connect
{V7S4-R0SE24UE-3206ZQMB},05/05/2010 11:09:08,HXL0968,PC-0623,Disconnect
{X2T9-Q3MO00EX-2942CZRM},05/05/2010 12:42:11,HXL0968,PC-0623,Connect
{Q0X3-K1WT29GI-7396YJGP},05/05/2010 13:49:22,HXL0968,PC-0623,Disconnect
{O5V9-Z9YH36MO-1686XRYF},05/05/2010 14:25:05,HXL0968,PC-0623,Connect
{P1T0-Y9JS67RK-9328INNX},05/05/2010 14:44:59,HXL0968,PC-0623,Disconnect
{V0K5-Q1DW13GD-8275RLUN},05/07/2010 10:36:27,HXL0968,PC-0623,Connect
{P5Q9-P4ZS57QZ-5324AIWW},05/07/2010 11:16:03,HXL0968,PC-0623,Disconnect
{M2V2-A9VE96GR-2668XFBY},05/07/2010 12:45:57,HXL0968,PC-0623,Connect
{I2N3-S4UW25FX-7203BEKX},05/07/2010 13:27:30,HXL0968,PC-0623,Disconnect
{S7V9-X1SF74WE-5143KKDJ},05/10/2010 10:07:31,HXL0968,PC-0623,Connect
{T3V4-P5XL83GD-4049OMKL},05/10/2010 11:06:56,HXL0968,PC-0623,Disconnect
{I8B7-O7BY56UX-5812QIUM},05/11/2010 07:24:22,HXL0968,PC-0623,Connect
{L4T9-N7LK04RS-3114OOUH},05/11/2010 07:27:27,HXL0968,PC-0623,Disconnect
{P9X4-Q5ZM66TF-3955CCEB},05/11/2010 08:36:53,HXL0968,PC-0623,Connect
{T6K9-V4FM32KM-5126SJBO},05/11/2010 08:46:30,HXL0968,PC-0623,Disconnect
{Z5V9-S3TW25PJ-9575YYIE},05/11/2010 12:37:21,HXL0968,PC-0623,Connect
{Y3Y1-J0LP67SB-2079MGWO},05/11/2010 13:29:20,HXL0968,PC-0623,Disconnect
{L1U0-I4TP70JE-8048YBSB},05/12/2010 12:14:31,HXL0968,PC-0623,Connect
{O2U2-Q9JB30ZX-2960FKIX},05/12/2010 13:27:18,HXL0968,PC-0623,Disconnect
{Q2P8-W1OP51BM-3824QDML},05/13/2010 08:32:44,HXL0968,PC-0623,Connect
{O2A7-U9TI22QL-5939ZGZR},05/13/2010 08:58:53,HXL0968,PC-0623,Disconnect
{M7Z5-U6PQ67RE-9500SSTN},05/13/2010 13:30:26,HXL0968,PC-0623,Connect
{P8N5-P2NF00XC-1850GAXZ},05/13/2010 13:47:47,HXL0968,PC-0623,Disconnect
{G7P0-E5YO82QO-7493PQPP},05/14/2010 15:26:15,HXL0968,PC-0623,Connect
{K6E5-G0FC38VX-5399SQJF},05/14/2010 15:31:36,HXL0968,PC-0623,Disconnect
{N7J0-G9QI55WF-0375WRQG},05/17/2010 09:31:09,HXL0968,PC-0623,Connect
{O5H6-L6CD82OG-8588VUUB},05/17/2010 09:55:41,HXL0968,PC-0623,Disconnect
{Q8N4-B2WF42OQ-9212FODT},05/18/2010 10:08:02,HXL0968,PC-0623,Connect
{K5S3-R1SN38CA-3565KDWJ},05/18/2010 11:41:57,HXL0968,PC-0623,Disconnect
{J2Q4-Q0DG26BW-4491FWFI},05/18/2010 12:57:31,HXL0968,PC-0623,Connect
{D4I7-D3HP58JJ-8157JXGT},05/18/2010 13:05:28,HXL0968,PC-0623,Disconnect
{B8M0-Y3PA00LM-7155PSCL},05/18/2010 15:29:40,HXL0968,PC-0623,Connect
{M7M9-Q4PE41SD-6036NGCN},05/18/2010 16:04:10,HXL0968,PC-0623,Disconnect
{J0N3-G9IY30GN-9332XVWK},05/19/2010 07:30:12,HXL0968,PC-0623,Connect
{W8V6-T4WL25SE-3065YZKP},05/19/2010 07:50:38,HXL0968,PC-0623,Disconnect
{E0C5-R7MV98GN-9930QAIT},05/19/2010 07:55:17,HXL0968,PC-0623,Connect
{F5D4-L8DX31RG-7282GOCK},05/19/2010 10:04:01,HXL0968,PC-0623,Disconnect
{R6O1-H9FX77LX-8473YKAZ},05/19/2010 10:38:46,HXL0968,PC-0623,Connect
{H8F4-O0YA30GQ-0757JQSL},05/19/2010 11:37:48,HXL0968,PC-0623,Disconnect
{S0N1-H4LU06VD-7561MAUM},05/19/2010 14:14:43,HXL0968,PC-0623,Connect
{J0C8-F8XU14RK-5009ILSB},05/19/2010 16:14:06,HXL0968,PC-0623,Disconnect
{H9G1-H5CN63MI-1153ABBA},05/20/2010 15:42:37,HXL0968,PC-0623,Connect
{Z4D3-L5LL13MA-2326ZZIA},05/20/2010 15:59:13,HXL0968,PC-0623,Disconnect
{C7X1-B2TO00KC-5006YCEL},05/20/2010 15:59:43,HXL0968,PC-0623,Connect
{V0U8-E2GX62GM-8973ONOR},05/20/2010 16:03:16,HXL0968,PC-0623,Disconnect
{M4S8-W2GO06YM-7474MJXO},05/21/2010 08:37:09,HXL0968,PC-0623,Connect
{S2B0-F4ET56LI-5902UOYV},05/21/2010 09:30:09,HXL0968,PC-0623,Disconnect
{T5Q3-L3LC40FA-4171DMTC},05/24/2010 08:27:34,HXL0968,PC-0623,Connect
{D2X8-O6AH10CB-7930YZNU},05/24/2010 08:30:30,HXL0968,PC-0623,Disconnect
{B6L7-N3QM53HT-5492RWXO},05/24/2010 12:48:59,HXL0968,PC-0623,Connect
{A9R1-H6XI54LN-9632EZEC},05/24/2010 13:19:43,HXL0968,PC-0623,Disconnect
{R9A6-M8ZA16OB-8706FETH},05/25/2010 09:26:42,HXL0968,PC-0623,Connect
{U3E9-P9CF08ZU-9184FQDB},05/25/2010 09:32:40,HXL0968,PC-0623,Disconnect
{D3Y3-D8AA60VR-5524KHLO},05/25/2010 13:03:28,HXL0968,PC-0623,Connect
{B1P5-Y3UH49JR-5353ZIEB},05/25/2010 13:05:52,HXL0968,PC-0623,Disconnect
{G5N7-Z7IM85RL-2451GRIO},05/25/2010 13:22:28,HXL0968,PC-0623,Connect
{B3U6-W8BR29YC-5533GUKQ},05/25/2010 14:01:38,HXL0968,PC-0623,Disconnect
{T8B4-V4GK11JO-3532MWFC},05/26/2010 08:34:28,HXL0968,PC-0623,Connect
{J5P8-D6UP99DT-0000EOXR},05/26/2010 08:37:49,HXL0968,PC-0623,Disconnect
{A4H0-A8JS83CY-0439ACEI},05/26/2010 11:19:28,HXL0968,PC-0623,Connect
{J9U2-J8AZ98LY-0894KGAO},05/26/2010 11:22:25,HXL0968,PC-0623,Disconnect
{C9L1-T8KD51GI-9194KKYX},05/27/2010 13:11:44,HXL0968,PC-0623,Connect
{U6C9-A1ZD88ID-7520QWBS},05/27/2010 13:22:43,HXL0968,PC-0623,Disconnect
{O2B1-I2UP97XB-4699SAZK},05/28/2010 11:36:29,HXL0968,PC-0623,Connect
{E3Z6-P3YI49AJ-2114UDFT},05/28/2010 12:28:14,HXL0968,PC-0623,Disconnect
{V9X7-U1TD42NA-8285FKDJ},06/01/2010 08:03:08,HXL0968,PC-0623,Connect
{U9V5-F8WO50ZG-6489CBUL},06/01/2010 08:19:31,HXL0968,PC-0623,Disconnect
{S1B1-Q8GT23OF-7847JVVR},06/01/2010 10:37:05,HXL0968,PC-0623,Connect
{D8O7-H8EN26HZ-6541JUIB},06/01/2010 10:55:12,HXL0968,PC-0623,Disconnect
{E6A1-R6BR33LV-8401EEMK},06/01/2010 12:02:46,HXL0968,PC-0623,Connect
{G1E0-Z4QS59QM-5911JTBW},06/01/2010 13:03:51,HXL0968,PC-0623,Disconnect
{Y2Y0-Z7SX04PL-2827JDFH},06/01/2010 14:47:08,HXL0968,PC-0623,Connect
{H6F4-G0VO28YI-1740FNLB},06/01/2010 15:07:58,HXL0968,PC-0623,Disconnect
{H0D0-G2US93JB-0425REIO},06/02/2010 07:50:34,HXL0968,PC-0623,Connect
{Q4F7-V1AP18WB-4865XXTL},06/02/2010 08:36:22,HXL0968,PC-0623,Disconnect
{T4O0-N1VG57QI-7111OLRC},06/02/2010 11:59:48,HXL0968,PC-0623,Connect
{N3L7-G5VL99UT-4322WIQX},06/02/2010 12:05:58,HXL0968,PC-0623,Disconnect
{G1I0-U7VY85PG-8036PDNL},06/03/2010 08:39:51,HXL0968,PC-0623,Connect
{A2B1-Q1JR18WX-1365HTDE},06/03/2010 08:57:27,HXL0968,PC-0623,Disconnect
{D4Q5-Q0TS90DR-8197UUOM},06/03/2010 09:59:19,HXL0968,PC-0623,Connect
{L8Q5-Z3UU33QO-0598LUGP},06/03/2010 10:22:43,HXL0968,PC-0623,Disconnect
{P8B8-M2KG19OW-3349ESXL},06/03/2010 13:15:52,HXL0968,PC-0623,Connect
{E6M1-B9UF91EJ-7739YWQI},06/03/2010 13:51:20,HXL0968,PC-0623,Disconnect
{S5R9-D7US92NA-9170PZKR},06/04/2010 10:01:17,HXL0968,PC-0623,Connect
{E8O7-T1KH78UW-9206XPAX},06/04/2010 10:13:51,HXL0968,PC-0623,Disconnect
{Z4L6-T8MG44MH-0579VLEQ},06/04/2010 11:03:40,HXL0968,PC-0623,Connect
{D5X1-Y3KV03BF-1135UOPN},06/04/2010 11:07:10,HXL0968,PC-0623,Disconnect
{U1W9-C4MC01CG-6905DJQD},06/04/2010 13:43:33,HXL0968,PC-0623,Connect
{E6T2-M3XP96JD-9773KHBF},06/04/2010 13:45:53,HXL0968,PC-0623,Disconnect
{Q2A2-X3OE17GZ-1185SFTD},06/04/2010 15:01:41,HXL0968,PC-0623,Connect
{U5I5-O3OX82LL-1739MOVI},06/04/2010 15:10:25,HXL0968,PC-0623,Disconnect
{S1B9-I6CD47BH-0618BZHC},06/07/2010 08:58:59,HXL0968,PC-0623,Connect
{W1S9-R1GZ55CD-5759GMGX},06/07/2010 09:04:58,HXL0968,PC-0623,Disconnect
{I8S2-D3ND36EM-3784IUBQ},06/07/2010 11:26:29,HXL0968,PC-0623,Connect
{E1J9-P7VG04YB-0262KDOL},06/07/2010 11:35:00,HXL0968,PC-0623,Disconnect
{Z1W4-X7IY99KD-1634YSUW},06/07/2010 12:44:32,HXL0968,PC-0623,Connect
{K6R4-G6GS33AG-6310NCND},06/07/2010 12:48:18,HXL0968,PC-0623,Disconnect
{A3I1-H4JH05KK-9790CWQM},06/08/2010 07:51:54,HXL0968,PC-0623,Connect
{M7E2-V0MH41UI-3983PTJV},06/08/2010 08:32:12,HXL0968,PC-0623,Disconnect
{W4L2-H0OK17UT-8699NXQH},06/08/2010 15:51:35,HXL0968,PC-0623,Connect
{P2K9-A0QZ92WX-7456BSFS},06/08/2010 16:02:03,HXL0968,PC-0623,Disconnect
{J3A0-K9MU56MY-6745DOTS},06/09/2010 13:13:09,HXL0968,PC-0623,Connect
{E5O1-Q1NK89YQ-3317EPTU},06/09/2010 13:47:01,HXL0968,PC-0623,Disconnect
{J1M1-K9BC60XB-0220EVHN},06/09/2010 14:23:13,HXL0968,PC-0623,Connect
{A6L0-D2MW04GF-5683CZVP},06/09/2010 15:30:05,HXL0968,PC-0623,Disconnect
{U4B3-S3BN65WY-6451ZOOU},06/10/2010 08:31:03,HXL0968,PC-0623,Connect
{U2A4-W3LQ45AF-9683DMHN},06/10/2010 09:25:36,HXL0968,PC-0623,Disconnect
{X1L7-G4IY63BX-7164VRHM},06/11/2010 11:34:09,HXL0968,PC-0623,Connect
{M6I8-R5GF90GR-7739CCRX},06/11/2010 11:41:52,HXL0968,PC-0623,Disconnect
{A2C7-H2ID51PC-8094LQWU},06/11/2010 13:17:05,HXL0968,PC-0623,Connect
{J9O7-M2GE15RQ-4830YGSR},06/11/2010 14:28:58,HXL0968,PC-0623,Disconnect
{E9R6-U9LL92JL-1644LLQY},06/14/2010 08:09:02,HXL0968,PC-0623,Connect
{I1O7-V1OV86SC-0124UUGK},06/14/2010 09:17:29,HXL0968,PC-0623,Disconnect
{Z3U1-T1IJ73YK-1827LRRY},06/15/2010 09:15:06,HXL0968,PC-0623,Connect
{M2R8-G4AM30FR-6057REPL},06/15/2010 09:17:22,HXL0968,PC-0623,Disconnect
{E5N8-A4GL95XR-4240HTYU},06/15/2010 13:28:36,HXL0968,PC-0623,Connect
{Y6U0-N1DY40NH-1088KVRW},06/15/2010 14:16:49,HXL0968,PC-0623,Disconnect
{V8Y9-B5NB19UG-7319DUZW},06/16/2010 10:50:52,HXL0968,PC-0623,Connect
{R0H2-B5GG08YO-2136VDPE},06/16/2010 11:09:57,HXL0968,PC-0623,Disconnect
{O2H6-H8SQ33NC-6142ZHQN},06/16/2010 14:03:28,HXL0968,PC-0623,Connect
{N5S9-Z3WL28OH-5854ZAQJ},06/16/2010 15:14:29,HXL0968,PC-0623,Disconnect
{H3F3-M3EL59BV-2010ZGEP},06/17/2010 07:48:07,HXL0968,PC-0623,Connect
{G8I6-Z2YL88IF-1993ZXRT},06/17/2010 08:16:00,HXL0968,PC-0623,Disconnect
{X6P0-T2IS79UJ-2607XTSK},06/17/2010 10:57:31,HXL0968,PC-0623,Connect
{P4F0-I1BA31IS-3970YNNX},06/17/2010 11:22:08,HXL0968,PC-0623,Disconnect
{W9X9-S8VT64TH-9294ZLSX},06/17/2010 11:25:47,HXL0968,PC-0623,Connect
{M5J5-F3WL44JR-7651BZVI},06/17/2010 11:51:31,HXL0968,PC-0623,Disconnect
{W6E1-F0LI61WL-1787EAMP},06/17/2010 14:43:13,HXL0968,PC-0623,Connect
{S2W6-H6BF55ZN-3519LCPF},06/17/2010 14:44:15,HXL0968,PC-0623,Disconnect
{Y7J4-W5NZ04YX-8875UUGD},06/18/2010 09:26:16,HXL0968,PC-0623,Connect
{R2F7-R5QN69FR-6360QXWQ},06/18/2010 09:28:50,HXL0968,PC-0623,Disconnect
{U2A7-P1BJ94LG-6111IZUO},06/18/2010 12:43:26,HXL0968,PC-0623,Connect
{K8D3-F6GV23TK-2565AFPA},06/18/2010 13:04:30,HXL0968,PC-0623,Disconnect
{C2H0-Q9ZQ33US-9737KOEH},06/21/2010 07:08:00,HXL0968,PC-0623,Connect
{J1X6-C9TH81YI-7799WXWE},06/21/2010 07:10:16,HXL0968,PC-0623,Disconnect
{U7B5-N0SS10KH-8224CUTW},06/21/2010 07:10:42,HXL0968,PC-0623,Connect
{S8Y5-H3AE72RZ-4154JEOV},06/21/2010 07:15:02,HXL0968,PC-0623,Disconnect
{Z7B7-S1LG46OR-3686GZIK},06/21/2010 07:21:06,HXL0968,PC-0623,Connect
{B5V6-W0VP64NE-0498MQYP},06/21/2010 07:25:56,HXL0968,PC-0623,Disconnect
{W6L5-O1GX15UW-1052IWKZ},06/22/2010 13:35:40,HXL0968,PC-0623,Connect
{V3M2-Z6RQ59LK-4740LYFL},06/22/2010 13:40:30,HXL0968,PC-0623,Disconnect
{D9O1-C2WT19XD-1802HJPE},06/22/2010 14:23:33,HXL0968,PC-0623,Connect
{M0R1-C7CN38VQ-6854EQNF},06/22/2010 14:41:58,HXL0968,PC-0623,Disconnect
{B5G1-Q1YU54BP-3085AYFA},06/23/2010 15:26:48,HXL0968,PC-0623,Connect
{U4B7-L9UV36VS-2696OMYC},06/23/2010 15:27:41,HXL0968,PC-0623,Disconnect
{Q7F8-Y2IK60XM-6615HFWZ},06/24/2010 10:41:01,HXL0968,PC-0623,Connect
{K9I5-O6XL55LT-5911KPRW},06/24/2010 11:17:38,HXL0968,PC-0623,Disconnect
{Y3R4-T4TM50HW-8412URTP},06/24/2010 14:35:34,HXL0968,PC-0623,Connect
{X3X7-S6WK97DQ-2471NFJZ},06/24/2010 15:27:01,HXL0968,PC-0623,Disconnect
{Y4M3-P6FZ38FR-0548SAHL},06/25/2010 14:04:03,HXL0968,PC-0623,Connect
{M8O8-I8BW30FW-4239YPYU},06/25/2010 14:07:05,HXL0968,PC-0623,Disconnect
{C2B0-V4TU16VB-3341ECOO},06/28/2010 09:29:34,HXL0968,PC-0623,Connect
{X6U0-C3YK09DI-0987AMKH},06/28/2010 09:38:08,HXL0968,PC-0623,Disconnect
{B7B6-X7OO81AE-7202XCXH},06/28/2010 09:45:50,HXL0968,PC-0623,Connect
{V7R7-Y5FE81WI-9339OHSU},06/28/2010 09:47:29,HXL0968,PC-0623,Disconnect
{M5V3-Z4IZ25MY-3851AYEK},06/29/2010 11:30:45,HXL0968,PC-0623,Connect
{C3C2-Z0SW98UY-8530MJSC},06/29/2010 12:09:03,HXL0968,PC-0623,Disconnect
{N9V2-V5GP67XF-4456UVCV},06/30/2010 07:56:46,HXL0968,PC-0623,Connect
{K4I7-U2FB26WZ-3350NMAD},06/30/2010 08:27:49,HXL0968,PC-0623,Disconnect
{Z0X7-X6NQ40QN-8959OLHC},06/30/2010 08:57:13,HXL0968,PC-0623,Connect
{S7S3-W0BD28CV-7648CFXX},06/30/2010 09:07:18,HXL0968,PC-0623,Disconnect
{E5X8-N6PI35UF-1111BUAT},06/30/2010 09:22:37,HXL0968,PC-0623,Connect
{H0G9-R2WI40EG-6574LHLK},06/30/2010 09:34:34,HXL0968,PC-0623,Disconnect
{F9A4-A4QX45OC-5563SVHP},07/01/2010 11:50:19,HXL0968,PC-0623,Connect
{O7T8-O6WV04OR-3900JHFK},07/01/2010 12:57:11,HXL0968,PC-0623,Disconnect
{S2X9-H5NG81BZ-8851CTMN},07/01/2010 13:23:29,HXL0968,PC-0623,Connect
{D1N9-I5FZ01JS-8807LTRE},07/01/2010 13:24:09,HXL0968,PC-0623,Disconnect
{Q9R2-U4CM53PQ-7250ZSXL},07/01/2010 15:17:46,HXL0968,PC-0623,Connect
{O1F1-M8BV63HR-5746RNEQ},07/01/2010 16:02:05,HXL0968,PC-0623,Disconnect
{K0H2-E1HA70WQ-3656FYFB},07/02/2010 08:32:30,HXL0968,PC-0623,Connect
{X1L7-A3YX96SS-2801ASGG},07/02/2010 09:07:34,HXL0968,PC-0623,Disconnect
{L2E3-H1AJ48LV-3671MSHN},07/02/2010 11:24:43,HXL0968,PC-0623,Connect
{T1Z1-A3TD02QY-9555EJLC},07/02/2010 11:47:24,HXL0968,PC-0623,Disconnect
{V8V9-F9CV63GT-0685GAMG},07/02/2010 15:33:58,HXL0968,PC-0623,Connect
{F7N2-H3HC83WL-7462IKVU},07/02/2010 15:58:01,HXL0968,PC-0623,Disconnect
{S1C5-B0AN18YK-9604UVBG},07/06/2010 07:32:43,HXL0968,PC-0623,Connect
{M3A8-O7AK91PW-3090SIRQ},07/06/2010 08:23:38,HXL0968,PC-0623,Disconnect
{I9Q1-Z8ZQ75NG-0316NXDT},07/06/2010 09:28:45,HXL0968,PC-0623,Connect
{Z8R0-L6YC83OL-2487JDJW},07/06/2010 10:05:47,HXL0968,PC-0623,Disconnect
{E9T9-G2WI41ZQ-3070RQQV},07/07/2010 13:23:33,HXL0968,PC-0623,Connect
{O9G3-Y3HO33KK-7552JUYX},07/07/2010 13:47:39,HXL0968,PC-0623,Disconnect
{X2J7-L7CA03SD-2439DCAN},07/07/2010 14:52:49,HXL0968,PC-0623,Connect
{T9E3-Z4AP73AP-1225DYJL},07/07/2010 15:15:36,HXL0968,PC-0623,Disconnect
{F3H1-U5XP26SD-5536MMWM},07/08/2010 07:47:01,HXL0968,PC-0623,Connect
{O0O6-K4QB80BE-8564LTYT},07/08/2010 07:59:32,HXL0968,PC-0623,Disconnect
{Z3Q5-S9CB64DN-3881IEWO},07/08/2010 08:29:58,HXL0968,PC-0623,Connect
{U1D3-V8MJ74OO-6143JMGP},07/08/2010 09:11:57,HXL0968,PC-0623,Disconnect
{J9P7-T5BY25YV-0388FVCI},07/08/2010 12:29:20,HXL0968,PC-0623,Connect
{R9K6-A5TO25GH-7029AGOR},07/08/2010 12:52:58,HXL0968,PC-0623,Disconnect
{U3L4-B7ZM51TT-7436ROEH},07/09/2010 08:46:46,HXL0968,PC-0623,Connect
{H8D7-O7RA42QZ-1879GCFQ},07/09/2010 10:02:24,HXL0968,PC-0623,Disconnect
{R9O2-G1RT94WS-6714OMKA},07/09/2010 12:46:47,HXL0968,PC-0623,Connect
{K7X1-M4KV64YV-8753KTAG},07/09/2010 12:59:48,HXL0968,PC-0623,Disconnect
{T2T1-Q8GX44ME-0905IWFD},07/12/2010 10:59:35,HXL0968,PC-0623,Connect
{N4N7-N7FP62MM-4446NWUF},07/12/2010 12:00:30,HXL0968,PC-0623,Disconnect
{C8E1-G3UC23CO-0195JBJQ},07/12/2010 14:30:58,HXL0968,PC-0623,Connect
{H4Z4-D7IG44VJ-0980DEBK},07/12/2010 15:46:17,HXL0968,PC-0623,Disconnect
{C7P3-Y0QL23NY-1336XSBM},07/13/2010 09:19:25,HXL0968,PC-0623,Connect
{O4E3-Q2CB57DL-2425MYDF},07/13/2010 09:29:21,HXL0968,PC-0623,Disconnect
{C4Y0-R0VA55CB-1378YARI},07/13/2010 11:45:42,HXL0968,PC-0623,Connect
{J8S1-K4PY52NT-3060UTIY},07/13/2010 12:52:20,HXL0968,PC-0623,Disconnect
{C4V1-L3BW30ZU-8343FSAV},07/14/2010 09:04:58,HXL0968,PC-0623,Connect
{S6Z8-B4AX00SM-0627HXSQ},07/14/2010 10:33:12,HXL0968,PC-0623,Disconnect
{Z7V9-N8AV32KD-5572XVDK},07/14/2010 14:39:49,HXL0968,PC-0623,Connect
{Z2Z1-I0OV52GO-7764NMMA},07/14/2010 14:45:44,HXL0968,PC-0623,Disconnect
{I3R3-G1SX26FR-2944LQZI},07/15/2010 11:11:47,HXL0968,PC-0623,Connect
{J4Z6-U4WE11AP-4749JXKS},07/15/2010 12:15:50,HXL0968,PC-0623,Disconnect
{B6A6-Q3RH83NT-8141WYSA},07/15/2010 14:09:45,HXL0968,PC-0623,Connect
{R2O7-S8XN50OG-9738DCUD},07/15/2010 14:46:48,HXL0968,PC-0623,Disconnect
{G6T7-F7NE98AK-3253YJMA},07/15/2010 14:51:57,HXL0968,PC-0623,Connect
{S8O3-H0RS19WK-1573YCYK},07/15/2010 15:57:42,HXL0968,PC-0623,Disconnect
{M5Z3-D0HC67TY-1078EWIP},07/16/2010 10:57:10,HXL0968,PC-0623,Connect
{M9F1-O3OU88PV-4264EVBA},07/16/2010 11:16:23,HXL0968,PC-0623,Disconnect
{H3D9-X9UJ92JO-2290DEDV},07/19/2010 11:12:45,HXL0968,PC-0623,Connect
{O4G9-A5RD50MC-5642LDBM},07/19/2010 11:39:44,HXL0968,PC-0623,Disconnect
{K3O3-T4IP09YO-0125IVJD},07/19/2010 13:39:47,HXL0968,PC-0623,Connect
{L0K4-X4EU31NX-7771EWLC},07/19/2010 13:47:27,HXL0968,PC-0623,Disconnect
{M7E4-U5BR95EU-7313ZZFD},07/20/2010 09:21:02,HXL0968,PC-0623,Connect
{R9R9-X2YY03LA-6658LWLQ},07/20/2010 11:41:02,HXL0968,PC-0623,Disconnect
{B6K8-H8DK27TA-1916KMEN},07/21/2010 09:54:07,HXL0968,PC-0623,Connect
{H3N3-M4FH84ID-4445ZMRM},07/21/2010 09:54:42,HXL0968,PC-0623,Disconnect
{V7F9-B0MX30IW-6270KLMS},07/21/2010 14:15:14,HXL0968,PC-0623,Connect
{F9I9-V2ZY92EB-7604HYKJ},07/21/2010 14:17:03,HXL0968,PC-0623,Disconnect
{H0T1-O1LY74BH-0614LIIU},07/22/2010 12:35:38,HXL0968,PC-0623,Connect
{Y4O1-G5KB66PS-6289GWYJ},07/22/2010 13:45:57,HXL0968,PC-0623,Disconnect
{Z5A2-S4TW79ZV-3762HEPF},07/22/2010 15:46:20,HXL0968,PC-0623,Connect
{D6P1-J4YV57IM-2118YOJL},07/22/2010 15:52:34,HXL0968,PC-0623,Disconnect
{G9K3-T2AT48CM-1470WHTJ},07/23/2010 11:03:33,HXL0968,PC-0623,Connect
{X9I8-C6OJ46AQ-9003HBPN},07/23/2010 11:27:59,HXL0968,PC-0623,Disconnect
{J7N2-C3LI39QN-6462CPLE},07/23/2010 12:25:54,HXL0968,PC-0623,Connect
{O2M4-G2IF85WG-3721MHEQ},07/23/2010 12:32:03,HXL0968,PC-0623,Disconnect
{I4J6-L9AF05BG-7025IGYE},07/26/2010 09:04:23,HXL0968,PC-0623,Connect
{U2J5-P1VH98LR-9694EVCO},07/26/2010 09:42:00,HXL0968,PC-0623,Disconnect
{E4Z7-M9MQ77WA-5954IIVP},07/27/2010 07:56:27,HXL0968,PC-0623,Connect
{L2N1-W2RJ67MB-5487BQQW},07/27/2010 09:59:14,HXL0968,PC-0623,Disconnect
{J9L4-S7BT09QZ-7056OFZB},07/27/2010 10:40:59,HXL0968,PC-0623,Connect
{J8R0-S6SA49ZC-4183LFEW},07/27/2010 11:01:30,HXL0968,PC-0623,Disconnect
{U8W9-E8SP52IS-4558UYMC},07/27/2010 11:08:30,HXL0968,PC-0623,Connect
{U8M7-N8MN84NV-2678IPMW},07/27/2010 11:24:29,HXL0968,PC-0623,Disconnect
{J1A2-D7IM92OA-4415PSUI},07/28/2010 08:50:23,HXL0968,PC-0623,Connect
{R0H5-W8QB67SS-1064KOPM},07/28/2010 09:19:32,HXL0968,PC-0623,Disconnect
{N8O1-E8YI36CI-9813YMUV},07/28/2010 09:41:44,HXL0968,PC-0623,Connect
{I0Z1-A4TD12AD-6221TMPV},07/28/2010 09:54:33,HXL0968,PC-0623,Disconnect
{T9N7-E2MJ65XT-0358NQXO},07/29/2010 08:36:36,HXL0968,PC-0623,Connect
{N4X0-U5YC65UQ-9553UGBB},07/29/2010 09:27:23,HXL0968,PC-0623,Disconnect
{I4D2-X4XD13CR-9685WMRT},07/29/2010 12:38:14,HXL0968,PC-0623,Connect
{X9O5-Q6NG72PE-5768RYGZ},07/29/2010 14:16:54,HXL0968,PC-0623,Disconnect
{S5U7-M0TK26YO-8521UAZI},08/02/2010 12:48:59,HXL0968,PC-0623,Connect
{E8V8-S3FJ44ZH-2218JCAA},08/02/2010 13:32:56,HXL0968,PC-0623,Disconnect
{M1A8-V1SF80SJ-9045PHWY},08/03/2010 08:51:39,HXL0968,PC-0623,Connect
{Y3A7-H7WP56GR-3175IUQQ},08/03/2010 09:15:07,HXL0968,PC-0623,Disconnect
{G8K4-L9AR03CY-7460KCOV},08/03/2010 10:40:04,HXL0968,PC-0623,Connect
{G8D4-V3CF72IE-0055GIMO},08/03/2010 11:23:48,HXL0968,PC-0623,Disconnect
{U2N5-U1OZ48NX-8356BZEX},08/03/2010 13:32:53,HXL0968,PC-0623,Connect
{X3J4-O2PX68KS-7918IUMM},08/03/2010 13:38:43,HXL0968,PC-0623,Disconnect
{D6Z2-M8NL78GG-5165YMSJ},08/04/2010 07:52:50,HXL0968,PC-0623,Connect
{W7E7-U0UD68WG-7126HRKW},08/04/2010 08:37:56,HXL0968,PC-0623,Disconnect
{I2H3-B0ZE98FY-4561OUNL},08/04/2010 09:38:32,HXL0968,PC-0623,Connect
{U4C9-N1XB60PH-1990CYRQ},08/04/2010 10:22:29,HXL0968,PC-0623,Disconnect
{H5H8-X0QY43YW-9348QRWF},08/05/2010 08:27:55,HXL0968,PC-0623,Connect
{U5B5-G9ZT93LV-3839OOAE},08/05/2010 08:34:42,HXL0968,PC-0623,Disconnect
{Q3C7-I7VH50LR-8267VSUP},08/05/2010 10:55:29,HXL0968,PC-0623,Connect
{H9R1-R8SZ79IY-4543VDBY},08/05/2010 11:00:53,HXL0968,PC-0623,Disconnect
{Q2U9-C9WW61DA-6432GFCG},08/06/2010 07:23:17,HXL0968,PC-0623,Connect
{S3Z0-X1XT70HD-6576FZJE},08/06/2010 07:45:40,HXL0968,PC-0623,Disconnect
{P5C3-T6RG91ER-0384YUFW},08/09/2010 07:38:13,HXL0968,PC-0623,Connect
{J9W0-Z1TA99CC-5146GWNG},08/09/2010 07:43:36,HXL0968,PC-0623,Disconnect
{Y7G4-A4OF20JX-4730RUFT},08/09/2010 11:36:32,HXL0968,PC-0623,Connect
{B4Z8-T3TZ91OW-4536PJXN},08/09/2010 11:52:49,HXL0968,PC-0623,Disconnect
{V1O9-X1QM77JY-3960BAVH},08/09/2010 13:21:32,HXL0968,PC-0623,Connect
{E6L9-T3SJ67YY-0611TFRU},08/09/2010 13:31:45,HXL0968,PC-0623,Disconnect
{O0N3-U2QH49QL-7959XBRZ},08/09/2010 15:10:07,HXL0968,PC-0623,Connect
{U0R1-U5HR12FH-8506JEVI},08/09/2010 15:49:27,HXL0968,PC-0623,Disconnect
{R1V2-W8ME41LL-2619YHTD},08/10/2010 10:36:10,HXL0968,PC-0623,Connect
{P2K2-D5MI36RG-0053RUFG},08/10/2010 11:17:05,HXL0968,PC-0623,Disconnect
{G2M7-U2LC83RE-8903DGCE},08/10/2010 12:11:15,HXL0968,PC-0623,Connect
{T5U3-N9XG32QJ-2832DJAE},08/10/2010 12:36:32,HXL0968,PC-0623,Disconnect
{H3N6-I4BB83BS-3138FUXM},08/10/2010 15:02:48,HXL0968,PC-0623,Connect
{L6D0-K8JA64HR-2974YFZQ},08/10/2010 15:57:06,HXL0968,PC-0623,Disconnect
{D7K8-O7KL17SS-4988HZUD},08/11/2010 10:12:24,HXL0968,PC-0623,Connect
{P4B5-J3UP13SA-8515PGEU},08/11/2010 12:58:48,HXL0968,PC-0623,Disconnect
{L3W8-L6DW92IL-4132AOHR},08/11/2010 13:39:31,HXL0968,PC-0623,Connect
{V3P4-G1VD02BY-6059ZBYW},08/11/2010 13:42:36,HXL0968,PC-0623,Disconnect
{L5Y8-S6FI86BK-3235YJQZ},08/11/2010 15:44:12,HXL0968,PC-0623,Connect
{N9Y4-B0VI47XQ-5194HZJH},08/11/2010 16:13:07,HXL0968,PC-0623,Disconnect
{I7S7-Y5YL39EJ-5981CPSE},08/12/2010 11:49:29,HXL0968,PC-0623,Connect
{H8I4-V2VY44GR-3861GHYI},08/12/2010 13:00:07,HXL0968,PC-0623,Connect
{T9V4-K2TC75VM-1210YLEP},08/12/2010 14:03:45,HXL0968,PC-0623,Disconnect
{F8H2-P0ES42XW-5802SBJZ},08/12/2010 14:25:27,HXL0968,PC-0623,Connect
{M4V1-V3DX50CK-1276KGCT},08/12/2010 15:44:03,HXL0968,PC-0623,Disconnect
{G3X0-O4LT27EX-1692TDDU},08/13/2010 07:51:08,HXL0968,PC-0623,Connect
{V6E0-H4LX28ZH-4516TUEW},08/13/2010 07:59:07,HXL0968,PC-0623,Disconnect
{P4W7-L5CI36RA-7952YCMV},08/13/2010 09:45:31,HXL0968,PC-0623,Connect
{Y8I2-M1IC65ND-9790BVHP},08/13/2010 09:59:19,HXL0968,PC-0623,Disconnect
{E9X0-M6QF31ZV-3026MZYS},08/16/2010 09:31:08,HXL0968,PC-0623,Connect
{Y9M9-B7RT70UZ-6772IXJP},08/16/2010 10:01:54,HXL0968,PC-0623,Disconnect
{T3Z0-L7NS77QA-1071OTXW},08/16/2010 10:17:14,HXL0968,PC-0623,Connect
{L5E4-S9LB92UC-0228OWMS},08/16/2010 12:25:58,HXL0968,PC-0623,Disconnect
{O0G6-U9OH80JJ-9067WPKJ},08/16/2010 13:30:08,HXL0968,PC-0623,Connect
{I0X7-Z2IG96GO-7900PUMV},08/16/2010 14:19:23,HXL0968,PC-0623,Disconnect
{R8F9-I8CZ28MR-3904FYFM},08/17/2010 08:37:01,HXL0968,PC-0623,Connect
{A0L0-B6LO61OE-6501DGRU},08/17/2010 09:29:09,HXL0968,PC-0623,Disconnect
{H5F1-Z4TC53CU-8160HEAS},08/17/2010 13:25:01,HXL0968,PC-0623,Connect
{Z7J3-Q0SY96QF-6026QBSN},08/17/2010 13:27:31,HXL0968,PC-0623,Disconnect
{F0P5-B6DG45EB-0308FIZQ},08/18/2010 14:04:45,HXL0968,PC-0623,Connect
{P5I6-M9NK99YY-1518QTNK},08/18/2010 14:06:09,HXL0968,PC-0623,Disconnect
{U9X1-P1GV13AM-7147BFHZ},08/18/2010 15:47:44,HXL0968,PC-0623,Connect
{L8W7-D9QI79WE-5223ACXA},08/18/2010 16:11:51,HXL0968,PC-0623,Disconnect
{F2M1-J2YT02MD-0124NXVI},08/19/2010 10:18:20,HXL0968,PC-0623,Connect
{U0D7-H9NU95QI-7079RVTV},08/19/2010 10:35:52,HXL0968,PC-0623,Disconnect
{O4S7-I1MY72DP-2315QWGM},08/20/2010 07:25:08,HXL0968,PC-0623,Connect
{X6L0-H0AG40NM-6163RCIH},08/20/2010 07:27:46,HXL0968,PC-0623,Disconnect
{T0H9-N1NB68HR-5171TJNO},08/23/2010 08:45:18,HXL0968,PC-0623,Connect
{W9Q5-N3WO52LZ-4845BUIE},08/23/2010 08:46:48,HXL0968,PC-0623,Disconnect
{Z9N5-X0JO01ID-9679UFJK},08/23/2010 13:19:32,HXL0968,PC-0623,Connect
{W4J2-A7PG16CN-2723STBB},08/23/2010 13:19:38,HXL0968,PC-0623,Disconnect
{T1Q0-I4ND26TF-5410GDHN},08/23/2010 14:34:19,HXL0968,PC-0623,Connect
{Z6C6-S5AN64QO-5712DROC},08/23/2010 14:37:12,HXL0968,PC-0623,Disconnect
{H8I8-F8WX08YJ-2382CNCF},08/24/2010 09:36:02,HXL0968,PC-0623,Connect
{H4A8-A3QO63TB-0841OBAU},08/24/2010 09:50:51,HXL0968,PC-0623,Disconnect
{R1R5-Q2OW67LU-8525PEOJ},08/24/2010 11:32:55,HXL0968,PC-0623,Connect
{H9P3-H2RD80BB-2906SQXA},08/24/2010 11:55:37,HXL0968,PC-0623,Disconnect
{U3N9-C1PB09MV-2509ENKH},08/24/2010 12:27:27,HXL0968,PC-0623,Connect
{F1G6-G1TW38MS-2424VRJA},08/24/2010 12:46:01,HXL0968,PC-0623,Disconnect
{B0K1-S4XG02TT-5162MSFT},08/24/2010 13:21:36,HXL0968,PC-0623,Connect
{H4J1-J4TK43LH-6400ALXA},08/24/2010 14:28:25,HXL0968,PC-0623,Disconnect
{E2E5-L5IC52YM-3681TYPW},08/25/2010 08:26:29,HXL0968,PC-0623,Connect
{P9B2-D5VY40WI-0022WVIU},08/25/2010 09:00:21,HXL0968,PC-0623,Disconnect
{F5B5-X3IF22FW-1296VROG},08/26/2010 13:07:17,HXL0968,PC-0623,Connect
{G8L7-B0ZC17EZ-4877PYAV},08/26/2010 13:45:15,HXL0968,PC-0623,Disconnect
{A6N8-A9BX89WR-7738HNQA},08/27/2010 11:20:51,HXL0968,PC-0623,Connect
{Z8M8-Z6MR91BJ-8536DGSO},08/27/2010 11:21:01,HXL0968,PC-0623,Disconnect
{U3W9-P6GX61ZG-1684NGYC},08/27/2010 12:40:50,HXL0968,PC-0623,Connect
{R4M3-Z3DR59DM-4810QKFN},08/27/2010 12:41:46,HXL0968,PC-0623,Disconnect
{G0S2-U2QA18AU-5144IANA},08/27/2010 13:47:05,HXL0968,PC-0623,Connect
{T9L4-H3GI81CA-4514NOXW},08/27/2010 13:47:07,HXL0968,PC-0623,Disconnect
{M6M2-V9FO59KD-8092JNKX},08/27/2010 14:53:28,HXL0968,PC-0623,Connect
{N4O2-Y3GY74TM-2444DBTV},08/27/2010 15:02:10,HXL0968,PC-0623,Disconnect
{K4K6-V7YD93SR-6200GOBA},08/31/2010 13:16:41,HXL0968,PC-0623,Connect
{M1N8-G4LE61CK-1774PNVN},08/31/2010 13:21:00,HXL0968,PC-0623,Disconnect
{C7E8-J7ZP36VG-9779JNIQ},09/01/2010 09:52:52,HXL0968,PC-0623,Connect
{E7I2-R7YQ31MS-5577UHIV},09/01/2010 10:53:01,HXL0968,PC-0623,Disconnect
{H0Y2-J4QU61PN-9140YEJP},09/01/2010 11:12:00,HXL0968,PC-0623,Connect
{J0P7-V6BC52SW-2885NLSA},09/01/2010 12:18:12,HXL0968,PC-0623,Disconnect
{T9N9-C7IX67RZ-6152QYJW},09/01/2010 12:18:28,HXL0968,PC-0623,Connect
{H4Y8-X3NA50LR-6720HUDG},09/01/2010 14:05:07,HXL0968,PC-0623,Disconnect
{S4M8-L6IM16TW-0137SVDI},09/02/2010 07:29:55,HXL0968,PC-0623,Connect
{B6Q3-T3IR70QG-0614RING},09/02/2010 08:32:42,HXL0968,PC-0623,Disconnect
{X0P7-Z5NE43ZY-9921QWAD},09/02/2010 09:06:37,HXL0968,PC-0623,Connect
{H5Y0-O4IX57VI-4168ZCHQ},09/02/2010 09:46:37,HXL0968,PC-0623,Disconnect
{P1U4-B2KJ91OC-9015JKHX},09/03/2010 09:22:51,HXL0968,PC-0623,Connect
{O9I1-V8IA62MH-2475UMDG},09/03/2010 09:25:19,HXL0968,PC-0623,Disconnect
{T1E6-U6ST23YJ-4830HRBQ},09/03/2010 10:51:17,HXL0968,PC-0623,Connect
{I6B6-B7YR06RP-2628XFCL},09/03/2010 11:34:00,HXL0968,PC-0623,Disconnect
{U3I1-W2NE45GE-6512ZFHH},09/07/2010 08:49:51,HXL0968,PC-0623,Connect
{U6T9-V6SR20IW-3214HSSH},09/07/2010 08:53:55,HXL0968,PC-0623,Disconnect
{K0F3-X9IS17AZ-6613IVHJ},09/07/2010 15:17:52,HXL0968,PC-0623,Connect
{G5C6-F8OO61DO-4005MYLC},09/07/2010 15:31:45,HXL0968,PC-0623,Disconnect
{W9A3-D2MU73XR-0237NKRT},09/08/2010 10:24:04,HXL0968,PC-0623,Connect
{B6V8-Z7FR32WP-5060YBKB},09/08/2010 11:29:06,HXL0968,PC-0623,Disconnect
{K8G3-W8QF45WX-5558GPJB},09/08/2010 15:15:46,HXL0968,PC-0623,Connect
{R3V4-W1ST27HZ-8242HTOI},09/08/2010 15:57:03,HXL0968,PC-0623,Disconnect
{A5Z2-F0YP36IK-7358MGFU},09/09/2010 07:55:00,HXL0968,PC-0623,Connect
{P9V0-L2TO46XD-8616UOKI},09/09/2010 07:56:04,HXL0968,PC-0623,Disconnect
{R4N8-C0EH64PE-1001KBDP},09/09/2010 09:35:46,HXL0968,PC-0623,Connect
{Y5H3-H8NK53IB-1949IVSH},09/09/2010 09:43:56,HXL0968,PC-0623,Disconnect
{H8D8-L9RL70YB-3814DRRY},09/10/2010 14:15:03,HXL0968,PC-0623,Connect
{Z9H8-R2QE63OF-9229SZDM},09/10/2010 14:53:36,HXL0968,PC-0623,Disconnect
{V0D4-S1TW91IT-2725ITDJ},09/13/2010 11:35:11,HXL0968,PC-0623,Connect
{R9P7-X7JK88UA-4802ANSW},09/13/2010 12:47:11,HXL0968,PC-0623,Disconnect
{G3G0-I6XB69SK-9303EZNL},09/13/2010 13:32:46,HXL0968,PC-0623,Connect
{K2P6-T9YU46HP-8782IPOU},09/13/2010 13:44:49,HXL0968,PC-0623,Disconnect
{O8H4-U2BY41LV-5704DSET},09/14/2010 09:43:01,HXL0968,PC-0623,Connect
{G4H0-L0UP51SR-5885QUWD},09/14/2010 12:49:03,HXL0968,PC-0623,Disconnect
{V3J3-K8VY91RS-5760QJDE},09/16/2010 09:09:20,HXL0968,PC-0623,Connect
{Z7M1-B6LW59II-1905UMXW},09/16/2010 11:40:46,HXL0968,PC-0623,Disconnect
{R6Y3-W4XA96MB-5887SLFZ},09/16/2010 14:34:16,HXL0968,PC-0623,Connect
{O1F1-S9TO09LM-9885HDEJ},09/16/2010 14:39:08,HXL0968,PC-0623,Disconnect
{K3Q2-Z4WD15QN-6522PFWI},09/17/2010 09:32:36,HXL0968,PC-0623,Connect
{Q5G5-B0BD71GR-8667FZYB},09/17/2010 10:07:13,HXL0968,PC-0623,Disconnect
{M7X4-R8JS07GP-1545OSLL},09/17/2010 12:35:51,HXL0968,PC-0623,Connect
{X0Q7-W8IV88LH-1575QGWG},09/17/2010 12:56:05,HXL0968,PC-0623,Disconnect
{F5S4-W6IH29SP-6437QJCD},09/20/2010 10:37:59,HXL0968,PC-0623,Connect
{T7V0-A8NF44PL-0359YFOC},09/20/2010 10:48:05,HXL0968,PC-0623,Disconnect
{K2A7-R0HM83YT-5785AGHW},09/21/2010 07:30:36,HXL0968,PC-0623,Connect
{D1N8-P7GE98CS-5228NQWN},09/21/2010 08:28:51,HXL0968,PC-0623,Disconnect
{J4C8-M7RI01XS-1807LEIG},09/21/2010 10:21:56,HXL0968,PC-0623,Connect
{A0D6-V1OC19XJ-3037SDIA},09/21/2010 15:24:13,HXL0968,PC-0623,Connect
{M2R2-M1CY06JS-0845TSME},09/21/2010 15:33:47,HXL0968,PC-0623,Disconnect
{N0U6-Z5BH15BH-6777VXXQ},09/22/2010 12:16:52,HXL0968,PC-0623,Connect
{O2E0-M7LV73XX-5815QXWG},09/22/2010 12:30:25,HXL0968,PC-0623,Disconnect
{O4W7-B8JJ20CU-7619CHAW},09/23/2010 07:26:17,HXL0968,PC-0623,Connect
{E4J5-P5LE28ZN-4958FTRG},09/23/2010 07:58:36,HXL0968,PC-0623,Disconnect
{U4D8-G8GM70JS-1924UMPZ},09/23/2010 09:39:28,HXL0968,PC-0623,Connect
{R6E0-O0MR75WA-2354KUZM},09/23/2010 09:58:12,HXL0968,PC-0623,Disconnect
{W2S5-Y2UI69JT-6336UJNA},09/23/2010 11:04:00,HXL0968,PC-0623,Connect
{L1V3-G3YP41DZ-0689ODHR},09/23/2010 11:34:01,HXL0968,PC-0623,Disconnect
{O5M6-C7MR38WC-1080CCYO},09/23/2010 14:13:50,HXL0968,PC-0623,Connect
{B2E3-C5JU78WS-5537AXHE},09/23/2010 14:30:20,HXL0968,PC-0623,Disconnect
{V8C1-E1WB48WP-8766XSKW},09/24/2010 11:48:30,HXL0968,PC-0623,Connect
{J6D7-X5MG47PY-3308IWIU},09/24/2010 14:11:11,HXL0968,PC-0623,Disconnect
{E9B7-K1ZL77FA-4656KEJT},09/24/2010 14:40:18,HXL0968,PC-0623,Connect
{Q4X3-Q9NV18HB-4193XILC},09/24/2010 15:05:11,HXL0968,PC-0623,Disconnect
{H9G4-M4FM64HF-9841OETW},09/27/2010 07:31:01,HXL0968,PC-0623,Connect
{K4Q9-J7DW61AM-4980OSZD},09/27/2010 08:10:08,HXL0968,PC-0623,Disconnect
{Z3U1-R1CG70UL-1416FBKQ},09/27/2010 09:51:28,HXL0968,PC-0623,Connect
{F8S5-Z7KP36GH-7307MTBZ},09/27/2010 10:01:26,HXL0968,PC-0623,Disconnect
{N1S2-W3SU04AF-3377TVJL},09/27/2010 12:00:13,HXL0968,PC-0623,Connect
{H6F1-E6NZ19ZP-9498GXFW},09/27/2010 12:35:29,HXL0968,PC-0623,Disconnect
{E2T6-N1VG14XI-9393EFGJ},09/28/2010 08:16:30,HXL0968,PC-0623,Connect
{X1D7-F7QB57CT-1332OBKH},09/28/2010 08:31:17,HXL0968,PC-0623,Disconnect
{M3X5-L4CY69XI-4926IEOH},09/28/2010 12:00:04,HXL0968,PC-0623,Connect
{K7E9-I1SS44GZ-4401GAEV},09/28/2010 12:22:29,HXL0968,PC-0623,Disconnect
{U6Q5-D0VJ83PH-2765CMMJ},09/29/2010 08:16:05,HXL0968,PC-0623,Connect
{R2V4-Z3AN24QP-7883KOOM},09/29/2010 08:23:32,HXL0968,PC-0623,Disconnect
{B9B3-H5QN65WN-9325WOML},09/29/2010 09:57:05,HXL0968,PC-0623,Connect
{G4Z9-D2HZ03MA-2313PPGT},09/29/2010 10:56:40,HXL0968,PC-0623,Disconnect
{R2S3-X7RL84DZ-7776FOWR},09/29/2010 15:51:44,HXL0968,PC-0623,Connect
{K0H9-R7LB13OY-5596NZDI},09/29/2010 15:59:59,HXL0968,PC-0623,Disconnect
{K6F0-Y4GW81PM-4552AIMP},09/30/2010 07:29:17,HXL0968,PC-0623,Connect
{Q4V8-M2YZ96PC-5411ACPX},09/30/2010 07:31:55,HXL0968,PC-0623,Disconnect
{L3E2-Y9BE70LZ-8989UAHM},09/30/2010 08:38:44,HXL0968,PC-0623,Connect
{Z4E6-E6YA85WT-4033IUJF},09/30/2010 08:57:40,HXL0968,PC-0623,Disconnect
{O0L2-O4RZ40UX-3015XOTS},09/30/2010 11:10:14,HXL0968,PC-0623,Connect
{D2C5-D3WX07UI-8194IXJD},09/30/2010 11:11:56,HXL0968,PC-0623,Disconnect
{W7X2-F1PX46OD-6291ONFQ},09/30/2010 11:59:50,HXL0968,PC-0623,Connect
{N1D7-K4ED13IO-4480UVRC},09/30/2010 12:03:46,HXL0968,PC-0623,Disconnect
{R3K2-H7KQ79LX-4114GLHQ},09/30/2010 13:12:45,HXL0968,PC-0623,Connect
{A4X8-Q5HJ97MV-6046WPYD},09/30/2010 13:35:11,HXL0968,PC-0623,Disconnect
{R6P0-H1CC95WU-5259DODC},09/30/2010 13:47:44,HXL0968,PC-0623,Connect
{K0H3-N2GA30QZ-8627MDMX},09/30/2010 14:23:00,HXL0968,PC-0623,Disconnect
{I7U8-Q0CQ24VD-5769WSUL},09/30/2010 15:19:58,HXL0968,PC-0623,Connect
{R0K6-W6TI58IV-3986JTCT},09/30/2010 15:33:57,HXL0968,PC-0623,Disconnect
{Y0Z5-L5JC25NN-6553BKJS},10/01/2010 11:08:24,HXL0968,PC-0623,Connect
{H3J6-E9LP49BA-3622IWRM},10/01/2010 11:17:53,HXL0968,PC-0623,Disconnect
{G7F8-E6OC65FR-0797YOFO},10/01/2010 14:09:27,HXL0968,PC-0623,Connect
{E2P2-C2VM65YJ-8694JUUH},10/01/2010 14:09:43,HXL0968,PC-0623,Disconnect
{A5D9-Z5TF50ZR-1641DMWK},10/04/2010 09:54:27,HXL0968,PC-0623,Connect
{C8E5-X5UW17VP-6179QOVP},10/04/2010 10:18:02,HXL0968,PC-0623,Disconnect
{J5X8-G4BR85ZO-6587SRZU},10/04/2010 12:18:11,HXL0968,PC-0623,Connect
{K1M8-E9UB23ST-2139HJQC},10/04/2010 12:20:36,HXL0968,PC-0623,Disconnect
{B9R1-Y4XE59ZQ-2961ZDGP},10/04/2010 14:33:29,HXL0968,PC-0623,Connect
{T0Y0-B4HF21YR-8755VYLD},10/04/2010 14:46:56,HXL0968,PC-0623,Disconnect
{V2M6-P6RV63JT-4349MKJD},10/05/2010 07:41:05,HXL0968,PC-0623,Connect
{M4A7-V6AN72YP-2027HMPM},10/05/2010 07:41:13,HXL0968,PC-0623,Disconnect
{L8W6-T3YO57QO-1435BPBG},10/05/2010 07:58:59,HXL0968,PC-0623,Connect
{F6Y2-Z6VX23MO-2302YGHJ},10/05/2010 09:14:43,HXL0968,PC-0623,Disconnect
{N5E0-Q4LO82OP-3878XWYE},10/05/2010 09:47:25,HXL0968,PC-0623,Connect
{V1C8-Z6KH10FP-9411THCA},10/05/2010 10:02:33,HXL0968,PC-0623,Disconnect
{R3N3-G8WM31AJ-3178HFUQ},10/05/2010 12:01:26,HXL0968,PC-0623,Connect
{J7O8-F1JW14JY-4587VUBN},10/05/2010 12:22:48,HXL0968,PC-0623,Disconnect
{C8H4-G4YR26UH-6695JSJT},10/05/2010 12:43:28,HXL0968,PC-0623,Connect
{H7T8-Z6KD67AC-5096VXYV},10/05/2010 13:17:17,HXL0968,PC-0623,Disconnect
{W5E6-E3QI96MB-6752HIRS},10/06/2010 07:50:03,HXL0968,PC-0623,Connect
{V2E7-S8FC78LV-9401PPNY},10/06/2010 08:09:42,HXL0968,PC-0623,Disconnect
{N3Q2-B7WG59MA-4637NMFE},10/06/2010 09:01:23,HXL0968,PC-0623,Connect
{M4B4-U8TO00CL-1041HLOG},10/06/2010 09:12:07,HXL0968,PC-0623,Disconnect
{T9M7-K1YN65MX-5824BBCJ},10/06/2010 10:10:38,HXL0968,PC-0623,Connect
{F9U3-P5AY04EH-0918YZGW},10/06/2010 10:15:28,HXL0968,PC-0623,Disconnect
{R0Y4-S3YI77UK-4629GCNF},10/06/2010 12:29:47,HXL0968,PC-0623,Connect
{F2O7-J2YO46PT-5008NAOU},10/06/2010 13:00:40,HXL0968,PC-0623,Disconnect
{M5A3-Y8GB74XB-1285DSHK},10/06/2010 13:11:52,HXL0968,PC-0623,Connect
{E5R3-M0AH55LO-9002MMIG},10/06/2010 13:12:01,HXL0968,PC-0623,Disconnect
{M3A2-O3EQ07XI-2851DPWC},10/06/2010 13:14:41,HXL0968,PC-0623,Connect
{X8Y6-D6FD99UM-9474CBJT},10/06/2010 14:36:51,HXL0968,PC-0623,Disconnect
{J5M6-X5KY43UK-4023LQLL},10/06/2010 14:59:31,HXL0968,PC-0623,Connect
{L1T5-V9UJ74XT-8163GORF},10/06/2010 15:08:44,HXL0968,PC-0623,Disconnect
{O3X8-S4TN57QZ-9498JDVT},10/07/2010 08:55:32,HXL0968,PC-0623,Connect
{U2U8-X5HA86AW-4527CGHO},10/07/2010 09:24:25,HXL0968,PC-0623,Disconnect
{V7Y9-E5KP05QL-7253UVNY},10/07/2010 11:37:47,HXL0968,PC-0623,Connect
{Y5D5-G5OE18VT-7250HHNB},10/07/2010 13:18:15,HXL0968,PC-0623,Disconnect
{A6M0-D3RT14GP-9219OOGK},10/08/2010 09:14:33,HXL0968,PC-0623,Connect
{I6Y4-O5BR42UC-1199JHMJ},10/08/2010 09:19:22,HXL0968,PC-0623,Disconnect
{X8W2-P7NV71SL-5851EKRL},10/08/2010 09:24:12,HXL0968,PC-0623,Connect
{C4Z0-N5RK88KM-8374KHBZ},10/08/2010 09:41:49,HXL0968,PC-0623,Disconnect
{I1S7-Y7UM16HB-3662NKVR},10/08/2010 10:39:21,HXL0968,PC-0623,Connect
{M4R9-O5CV37QI-9234ADEU},10/08/2010 10:43:07,HXL0968,PC-0623,Disconnect
{H8F8-C4AU17XW-9268CVOD},10/08/2010 11:09:37,HXL0968,PC-0623,Connect
{M6U9-J2KH23OL-5553ZRLQ},10/08/2010 12:02:44,HXL0968,PC-0623,Disconnect
{U5F0-Y0DN63BJ-9629FGNT},10/08/2010 12:07:58,HXL0968,PC-0623,Connect
{L3S8-M4OM85JO-6250YVJR},10/08/2010 12:21:50,HXL0968,PC-0623,Disconnect
{L5M8-K7EL61JI-8021VBUQ},10/08/2010 13:29:52,HXL0968,PC-0623,Connect
{O5O9-E5WJ37VN-1951UZRT},10/08/2010 13:37:31,HXL0968,PC-0623,Disconnect
{T6W2-B8DR19PB-4639LRFI},10/08/2010 15:06:06,HXL0968,PC-0623,Connect
{K2T8-Z6FR87KD-4307LHGK},10/08/2010 15:19:30,HXL0968,PC-0623,Disconnect
{F9M8-M5LH64XY-6739OKPD},10/11/2010 07:53:45,HXL0968,PC-0623,Connect
{N6T0-V9KJ53YH-7495LWHK},10/11/2010 08:25:04,HXL0968,PC-0623,Disconnect
{I8S7-U5BX46DF-9927QRMM},10/11/2010 09:58:44,HXL0968,PC-0623,Connect
{G2N9-B0OZ91SA-5270UKSL},10/11/2010 10:15:14,HXL0968,PC-0623,Disconnect
{V4V0-L3WJ32AK-1828OZZV},10/11/2010 12:02:48,HXL0968,PC-0623,Connect
{F0A3-G0VP65CW-0674GLZR},10/11/2010 12:04:55,HXL0968,PC-0623,Disconnect
{N0N8-H2LS94AS-1281CZLL},10/11/2010 13:19:35,HXL0968,PC-0623,Connect
{I8B8-P5FV25XI-3919GZHM},10/11/2010 13:42:05,HXL0968,PC-0623,Disconnect
{S9P2-Z4QC36DO-7267TJEU},10/11/2010 14:47:11,HXL0968,PC-0623,Connect
{S0U9-L3FG00EL-3298FARQ},10/11/2010 14:47:18,HXL0968,PC-0623,Disconnect
{L8H2-A1ES53LM-1973RVJN},10/11/2010 15:33:40,HXL0968,PC-0623,Connect
{E3Z1-W4BA74IU-7774SHJO},10/11/2010 15:44:08,HXL0968,PC-0623,Disconnect
{L3T5-K4VH57BE-7147AJNC},10/12/2010 08:01:29,HXL0968,PC-0623,Connect
{P7Q4-V6VC21YG-2268JXTS},10/12/2010 08:27:42,HXL0968,PC-0623,Disconnect
{G7T9-O3MK33RP-3060UTEA},10/12/2010 09:01:31,HXL0968,PC-0623,Connect
{U0S1-U2SX77GB-3116HVLC},10/12/2010 09:13:20,HXL0968,PC-0623,Disconnect
{W9E9-M0CF64TW-6873IRHV},10/12/2010 10:46:08,HXL0968,PC-0623,Connect
{H6W0-Q3GT98ED-6851QAES},10/12/2010 10:51:23,HXL0968,PC-0623,Disconnect
{W3W6-S2IK76IZ-8895UOFB},10/12/2010 15:01:39,HXL0968,PC-0623,Connect
{O3V6-J4YS24VP-4820UEKN},10/12/2010 15:29:47,HXL0968,PC-0623,Disconnect
{S7M5-F8MT72XY-1252WQVF},10/13/2010 08:45:03,HXL0968,PC-0623,Connect
{S6F2-N0BT80SP-5651YYIS},10/13/2010 15:15:01,HXL0968,PC-0623,Connect
{D7E2-R3LA57QI-3556ZKBJ},10/13/2010 15:15:31,HXL0968,PC-0623,Disconnect
{Y9G4-U8SB60LH-7901UAXF},10/14/2010 09:23:59,HXL0968,PC-0623,Connect
{W3L4-T7TP43EX-9202BLUC},10/14/2010 10:40:17,HXL0968,PC-0623,Disconnect
{Z9R4-H8XN20CA-3591CSBX},10/14/2010 10:50:23,HXL0968,PC-0623,Connect
{W6J7-G0PR52IE-6441CHCX},10/14/2010 10:53:47,HXL0968,PC-0623,Disconnect
{S9W7-X3KL96BE-2223EOZN},10/14/2010 11:41:32,HXL0968,PC-0623,Connect
{Y2T6-P1WV20EK-2476WEGO},10/14/2010 11:52:11,HXL0968,PC-0623,Disconnect
{C6O3-B6GG09DF-6573JUUO},10/14/2010 13:49:22,HXL0968,PC-0623,Connect
{P2L2-I0TG91NY-9573OGUL},10/14/2010 14:10:15,HXL0968,PC-0623,Disconnect
{S8F6-K2JU00UR-9085RXAN},10/14/2010 14:49:05,HXL0968,PC-0623,Connect
{F6M2-N2PU40TF-6489ISPY},10/14/2010 14:51:39,HXL0968,PC-0623,Disconnect
{B9C9-N0AK98YS-1041NOJB},10/14/2010 15:02:55,HXL0968,PC-0623,Connect
{F6F4-S3XD41SA-3590GZTR},10/14/2010 15:18:28,HXL0968,PC-0623,Disconnect
{H1Q5-X2WM63DR-4719UOAZ},10/15/2010 09:23:01,HXL0968,PC-0623,Connect
{R9V3-O5LD53WE-6513MCRM},10/15/2010 09:26:25,HXL0968,PC-0623,Disconnect
{D7E2-H6BK51HU-9551RYPJ},10/15/2010 10:42:34,HXL0968,PC-0623,Connect
{Y4F0-X5FL77EB-3471EDBG},10/15/2010 10:45:19,HXL0968,PC-0623,Disconnect
{F3E6-S3MM60HV-6201WMML},10/15/2010 11:03:03,HXL0968,PC-0623,Connect
{A4Y4-K2QU04RX-8792WFUM},10/15/2010 11:17:33,HXL0968,PC-0623,Disconnect
{S4X9-A0SN31DS-8211DNFN},10/15/2010 11:48:47,HXL0968,PC-0623,Connect
{Q8X7-D1KD96KP-3371YVHW},10/15/2010 12:26:14,HXL0968,PC-0623,Disconnect
{B0M9-L1OQ57DR-6443OTQP},10/15/2010 13:55:49,HXL0968,PC-0623,Connect
{L4Q3-K3LQ23FT-7681YPBS},10/15/2010 13:58:20,HXL0968,PC-0623,Disconnect
{D0D3-O1ES03HU-6519JWAH},10/15/2010 14:26:10,HXL0968,PC-0623,Connect
{Q1W8-I8XM82ZW-4385AKAH},10/15/2010 14:27:44,HXL0968,PC-0623,Disconnect
{C6D0-E2KS57DY-6458RYFK},10/15/2010 15:01:05,HXL0968,PC-0623,Connect
{U2F2-V7XJ14MC-1495AGIQ},10/15/2010 15:21:46,HXL0968,PC-0623,Disconnect
{W8B1-Z0KD30PP-8096CCVP},10/18/2010 09:11:45,HXL0968,PC-0623,Connect
{X7D8-C4TT66LT-1439WCRU},10/18/2010 09:19:01,HXL0968,PC-0623,Disconnect
{G7C1-E8HB17AQ-7097YXBW},10/19/2010 08:10:02,HXL0968,PC-0623,Connect
{C8T2-F9GQ34IG-1797FIBQ},10/19/2010 08:33:36,HXL0968,PC-0623,Disconnect
{V9Q2-Z6RV68NX-2113CSGH},10/19/2010 11:26:17,HXL0968,PC-0623,Connect
{K4U5-F4CQ33WX-9344OYIN},10/19/2010 12:02:44,HXL0968,PC-0623,Disconnect
{G5A1-O0GB50SU-8287BDHL},10/19/2010 12:03:28,HXL0968,PC-0623,Connect
{D0S4-Q1HG18BN-1355DTEN},10/19/2010 12:39:44,HXL0968,PC-0623,Disconnect
{S4J4-N7XR11KL-1139SUOQ},10/19/2010 14:21:34,HXL0968,PC-0623,Connect
{F4C9-T7UG32UI-4997BMBX},10/19/2010 14:46:21,HXL0968,PC-0623,Disconnect
{Y8C8-M2HX89XD-4253NZAE},10/20/2010 08:20:57,HXL0968,PC-0623,Connect
{Z0K7-Q5OB85KF-3563PKSO},10/20/2010 08:22:20,HXL0968,PC-0623,Disconnect
{L5D7-B7DS80XL-3397YEOR},10/20/2010 08:29:39,HXL0968,PC-0623,Connect
{P3Y4-Z8JP45HH-9090JPST},10/20/2010 08:32:33,HXL0968,PC-0623,Disconnect
{N8V0-F9FQ63HO-0865CBND},10/20/2010 08:33:28,HXL0968,PC-0623,Connect
{Z6F4-J3XU69RV-7694PNWK},10/20/2010 08:39:19,HXL0968,PC-0623,Disconnect
{H3E4-I6WP07GM-1505MGOH},10/20/2010 15:50:26,HXL0968,PC-0623,Connect
{J4R8-S1LT83RD-4196XROQ},10/20/2010 15:53:49,HXL0968,PC-0623,Disconnect
{F0P9-A1KZ99RF-7804VUPC},10/20/2010 16:07:43,HXL0968,PC-0623,Connect
{R0K0-W9PG22WU-1870RSXQ},10/20/2010 16:13:49,HXL0968,PC-0623,Disconnect
{E9P6-E0NH58EG-1521THQM},10/20/2010 16:16:39,HXL0968,PC-0623,Connect
{G6W2-L4KI05IK-5038CJVG},10/20/2010 16:17:21,HXL0968,PC-0623,Disconnect
{L3H3-S9US18UU-9190ZCDO},10/21/2010 10:23:24,HXL0968,PC-0623,Connect
{H2N0-T5GD48KF-2112ZYXU},10/21/2010 11:12:23,HXL0968,PC-0623,Disconnect
{Y0T1-T2MP62RN-4976PJJT},10/22/2010 09:07:14,HXL0968,PC-0623,Connect
{T0Q7-C1FH99SW-8276DKPT},10/22/2010 09:13:47,HXL0968,PC-0623,Disconnect
{K1Z4-K7EG06GI-1185RSZR},10/22/2010 13:25:16,HXL0968,PC-0623,Connect
{T4G9-W6JH55SF-7439GHAB},10/22/2010 14:14:19,HXL0968,PC-0623,Disconnect
{X4R2-M1YR64WR-4796PKRL},10/25/2010 10:12:43,HXL0968,PC-0623,Connect
{K8L3-D2PP50WX-6785HIVT},10/25/2010 10:15:02,HXL0968,PC-0623,Disconnect
{O0F8-S6NR58QE-5391JBFV},10/25/2010 10:19:16,HXL0968,PC-0623,Connect
{Z7F1-Y7RF75AP-5043RLTM},10/25/2010 10:19:35,HXL0968,PC-0623,Disconnect
{E6W7-X9ST43JK-5328WBSK},10/25/2010 13:41:18,HXL0968,PC-0623,Connect
{L0N9-K9AH69CU-8738ZKJW},10/25/2010 13:42:39,HXL0968,PC-0623,Disconnect
{C8W6-B3MN68SN-6557QMDD},10/25/2010 13:43:19,HXL0968,PC-0623,Connect
{D5X4-I3LJ23BP-6879CTEJ},10/25/2010 13:44:09,HXL0968,PC-0623,Disconnect
{Z3E4-T8XT30EY-5355UYBM},10/25/2010 13:44:34,HXL0968,PC-0623,Connect
{Y9F9-L8BV40TH-3284OKIN},10/25/2010 13:54:51,HXL0968,PC-0623,Disconnect
{I2V2-B5PI66GC-4209VEIH},10/25/2010 14:35:50,HXL0968,PC-0623,Connect
{C9N1-I0GX23LA-6310TRZI},10/25/2010 14:38:25,HXL0968,PC-0623,Disconnect
{M6N9-Y2FC19GS-6717NBRF},10/26/2010 07:14:50,HXL0968,PC-0623,Connect
{W4H2-N5UK27UP-3976KNKV},10/26/2010 07:44:42,HXL0968,PC-0623,Disconnect
{I2Y2-T9PZ52II-8466LHMI},10/26/2010 08:12:52,HXL0968,PC-0623,Connect
{Q3W3-V7VX21UN-9362GKOQ},10/26/2010 09:03:31,HXL0968,PC-0623,Disconnect
{S5H7-F3PW81TW-5763IFZK},10/27/2010 09:54:53,HXL0968,PC-0623,Connect
{R5B6-R2SE99MU-8966WCPV},10/27/2010 10:49:14,HXL0968,PC-0623,Disconnect
{H0A6-N3SZ63CP-7484JJBI},10/27/2010 13:43:14,HXL0968,PC-0623,Connect
{Z8I7-J1SY61UA-3988DRFQ},10/27/2010 13:48:12,HXL0968,PC-0623,Disconnect
{U1L9-G0SI43HV-1554PPAJ},10/28/2010 07:27:17,HXL0968,PC-0623,Connect
{O1L9-A4IZ62UC-4403REJU},10/28/2010 07:28:05,HXL0968,PC-0623,Disconnect
{S8H8-I9XJ50OH-3982KKWJ},10/28/2010 07:29:26,HXL0968,PC-0623,Connect
{C7Q4-K1YV39RY-1935WXMB},10/28/2010 08:06:52,HXL0968,PC-0623,Disconnect
{Q4V1-E1FN69FB-9341VXJM},10/28/2010 09:59:44,HXL0968,PC-0623,Connect
{J3F1-V7WW25LN-1349JSBQ},10/28/2010 10:00:26,HXL0968,PC-0623,Disconnect
{P5C9-Z5KN55XS-3935QHVL},10/28/2010 10:44:46,HXL0968,PC-0623,Connect
{S7I9-H3YF68OL-0269KDVY},10/28/2010 10:47:08,HXL0968,PC-0623,Disconnect
{G3Q3-A0MF24NJ-0108CENH},10/28/2010 11:37:13,HXL0968,PC-0623,Connect
{Q5N8-K4EN95HK-2243EPIG},10/28/2010 12:03:48,HXL0968,PC-0623,Disconnect
{D7J4-N9MC42TZ-5629DURP},10/28/2010 13:12:51,HXL0968,PC-0623,Connect
{Z6G3-O9BC99TH-0510BHQS},10/28/2010 13:28:30,HXL0968,PC-0623,Disconnect
{Q1L7-B7RT17KS-5095WMYJ},10/28/2010 15:56:48,HXL0968,PC-0623,Connect
{E4P6-T4ZR03PD-6618BJEK},10/28/2010 16:06:01,HXL0968,PC-0623,Disconnect
{W4I1-Q4IU89EQ-8193NBZR},10/29/2010 10:43:15,HXL0968,PC-0623,Connect
{M1Q8-C6DY34NO-2418RQJP},10/29/2010 10:44:06,HXL0968,PC-0623,Disconnect
{C8O9-J8QY03IK-0131YBNP},10/29/2010 12:37:52,HXL0968,PC-0623,Connect
{V8I6-K9VS29GR-9320CEWP},10/29/2010 14:58:25,HXL0968,PC-0623,Disconnect
